tile_size_v,slice_start,slice_width,abs_corr_threshold,is_valid_even_tiling,num_tiles,mean_tile_internal_cooccurrence_count_share,weighted_tile_internal_cooccurrence_count_share,mean_tile_internal_cooccurrence_energy_share,weighted_tile_internal_cooccurrence_energy_share,mean_tile_internal_cooccurrence_count_share_percent,weighted_tile_internal_cooccurrence_count_share_percent,mean_tile_internal_cooccurrence_energy_share_percent,weighted_tile_internal_cooccurrence_energy_share_percent,mean_internal_cooccurrence_count,mean_cross_cooccurrence_count_touching_tile,mean_total_cooccurrence_count_touching_tile,total_internal_cooccurrence_count,total_cross_cooccurrence_count_touching_tiles,total_cooccurrence_count_touching_tiles,total_internal_cooccurrence_energy,total_cross_cooccurrence_energy_touching_tiles,total_cooccurrence_energy_touching_tiles
2,0,2560,0.0,True,1280,0.00019542700801250735,0.00019542700801250732,0.00023921756604819005,0.00034990201653204713,0.019542700801250736,0.019542700801250732,0.023921756604819006,0.03499020165320471,1.0,5116.0,5117.0,1280,6548480,6549760,1.7253189547365242,4929.137817635687,4930.863136590424
2,0,2560,0.01,True,1280,0.00020148673566623048,0.0002020132955827462,0.00023955823047249426,0.00035243387083140317,0.020148673566623046,0.02020132955827462,0.023955823047249428,0.035243387083140315,0.7109375,3518.55,3519.2609375,910,4503744,4504654,1.7143904879910534,4862.717294090877,4864.431684578867
2,0,2560,0.02,True,1280,0.00020181929240150847,0.00020557373908494932,0.0002384533557935055,0.0003658419192026182,0.02018192924015085,0.020557373908494932,0.023845335579350552,0.03658419192026182,0.44765625,2177.146875,2177.59453125,573,2786748,2787321,1.6372528946986218,4473.664260576326,4475.301513471025
2,0,2560,0.05,True,1280,0.0001783902817736924,0.00027000834132911603,0.00020946804383262458,0.0005612825381933783,0.01783902817736924,0.027000834132911603,0.020946804383262456,0.05612825381933783,0.0875,323.9765625,324.0640625,112,414690,414802,1.1348974403209635,2020.8368602664152,2021.9717577067363
2,0,2560,0.1,True,1280,0.07916918730047075,0.001107797187899446,0.07914492437469849,0.0017340184440536176,7.916918730047075,0.1107797187899446,7.914492437469849,0.17340184440536177,0.0203125,18.315625,18.3359375,26,23444,23470,0.7376203263875951,424.6444330866423,425.38205341303
4,0,2560,0.0,True,640,0.0005865102639296188,0.0005865102639296188,0.0007089330669180186,0.0009687933131626151,0.05865102639296188,0.05865102639296188,0.07089330669180186,0.09687933131626152,6.0,10224.0,10230.0,3840,6543360,6547200,4.774033660428225,4923.040388224303,4927.814421884731
4,0,2560,0.01,True,640,0.0006020194913771801,0.0006031738135508904,0.0007095904613243214,0.0009745964842763153,0.060201949137718015,0.060317381355089045,0.07095904613243213,0.09745964842763154,4.24375,7031.45625,7035.7,2716,4500132,4502848,4.7379113050344515,4856.67025245679,4861.408163761824
4,0,2560,0.02,True,640,0.0006184972006693634,0.0006273899501318309,0.0007110433799252809,0.0010101270843714451,0.061849720066936335,0.06273899501318309,0.07110433799252809,0.10101270843714452,2.73125,4350.621875,4353.353125,1748,2784398,2786146,4.517713638073251,4467.903339089577,4472.42105272765
4,0,2560,0.05,True,640,0.0006199187446138258,0.0008201189654922884,0.0006698587217819762,0.0014929977846865731,0.06199187446138258,0.08201189654922884,0.06698587217819761,0.1492997784686573,0.53125,647.240625,647.771875,340,414234,414574,3.0159908866068803,2017.0746733738436,2020.0906642604502
4,0,2560,0.1,True,640,0.009919920519743617,0.0025173870375901353,0.009884325082781805,0.004090969156968456,0.9919920519743617,0.2517387037590135,0.9884325082781805,0.40909691569684564,0.0921875,36.528125,36.6203125,59,23378,23437,1.7361399474681458,422.6473938444813,424.38353379194945
8,0,2560,0.0,True,320,0.0013695949911954608,0.0013695949911954608,0.0016810001760888804,0.002346838830407748,0.13695949911954608,0.13695949911954608,0.16810001760888804,0.2346838830407748,28.0,20416.0,20444.0,8960,6533120,6542080,11.5488867460308,4909.490682053099,4921.0395687991295
8,0,2560,0.01,True,320,0.0013897042047095784,0.001392439133296098,0.0016819874704234786,0.00236105293841681,0.13897042047095784,0.1392439133296098,0.16819874704234786,0.23610529384168102,19.578125,14040.73125,14060.309375,6265,4493034,4499299,11.462165709273535,4843.221743648311,4854.683909357585
8,0,2560,0.02,True,320,0.001442407349170264,0.0014591397756761183,0.001691618653616596,0.0024548018182100795,0.1442407349170264,0.14591397756761182,0.16916186536165959,0.24548018182100795,12.69375,8686.78125,8699.475,4062,2779770,2783832,10.963085222153234,4455.0125959214165,4465.97568114357
8,0,2560,0.05,True,320,0.001450839626773208,0.0018786099252419495,0.001624471072661297,0.0037115497340310015,0.1450839626773208,0.18786099252419494,0.1624471072661297,0.37115497340310016,2.43125,1291.74375,1294.175,778,413358,414136,7.481094513475658,2008.1444661201062,2015.6255606335817
8,0,2560,0.1,True,320,0.0011258663862847584,0.005908040071923966,0.0012358787547733544,0.011043694666756103,0.11258663862847584,0.5908040071923966,0.12358787547733545,1.1043694666756103,0.43125,72.5625,72.99375,138,23220,23358,4.654532334358657,416.8106090707003,421.465141405059
16,0,2560,0.0,True,160,0.002939447383891829,0.0029394473838918285,0.0035717526385294503,0.004741760857966705,0.2939447383891829,0.29394473838918284,0.357175263852945,0.4741760857966705,120.0,40704.0,40824.0,19200,6512640,6531840,23.27877249472548,4886.030910555708,4909.309683050435
16,0,2560,0.01,True,160,0.0029652732881784707,0.002971138749530577,0.003573279783676715,0.0047678331358564,0.29652732881784705,0.2971138749530577,0.3573279783676715,0.47678331358563997,83.41875,27992.9375,28076.35625,13347,4478870,4492217,23.090879042386984,4819.964316982085,4843.055196024471
16,0,2560,0.02,True,160,0.003063853245557971,0.003101168470194565,0.00358941937307172,0.004941638942187531,0.3063853245557971,0.3101168470194565,0.358941937307172,0.4941638942187531,53.86875,17316.6,17370.46875,8619,2770656,2779275,22.014626613490922,4432.909513138741,4454.924139752233
16,0,2560,0.05,True,160,0.003220509729124425,0.004133531458884915,0.003572676720013106,0.007372629115814691,0.3220509729124425,0.4133531458884915,0.3572676720013106,0.7372629115814691,10.675,2571.8625,2582.5375,1708,411498,413206,14.806452546985827,1993.4937500530857,2008.3002026000713
16,0,2560,0.1,True,160,0.0027232421384637507,0.012671321437807085,0.002929009828156578,0.020726649913274494,0.27232421384637506,1.2671321437807086,0.2929009828156578,2.0726649913274495,1.8375,143.175,145.0125,294,22908,23202,8.652691981252831,408.81428977691195,417.46698175816476
32,0,2560,0.0,True,80,0.006093965008846077,0.006093965008846078,0.007386860421966089,0.009762979769811053,0.6093965008846077,0.6093965008846078,0.7386860421966089,0.9762979769811053,496.0,80896.0,81392.0,39680,6471680,6511360,47.69115353710919,4837.206148470941,4884.89730200805
32,0,2560,0.01,True,80,0.006166956697536058,0.006178794683931918,0.0073896450803640264,0.009816047462660325,0.6166956697536058,0.6178794683931917,0.7389645080364027,0.9816047462660324,345.85,55627.85,55973.7,27668,4450228,4477896,47.30200213505795,4771.542070796742,4818.844072931801
32,0,2560,0.02,True,80,0.006332850393662234,0.00640833574596537,0.0074147719782595035,0.010163618481845604,0.6332850393662234,0.640833574596537,0.7414771978259503,1.0163618481845604,221.9,34404.875,34626.775,17752,2752390,2770142,45.04408667608679,4386.85059301355,4431.894679689636
32,0,2560,0.05,True,80,0.006740311573727076,0.008593049231973435,0.007417084014031528,0.015181213769201205,0.6740311573727076,0.8593049231973435,0.7417084014031528,1.5181213769201205,44.1875,5098.05,5142.2375,3535,407844,411379,30.25392333221768,1962.5988084826217,1992.8527318148397
32,0,2560,0.1,True,80,0.005033946262590358,0.02589180456708728,0.005634074335577927,0.04301802220277172,0.5033946262590359,2.589180456708728,0.5634074335577927,4.301802220277172,7.4125,278.875,286.2875,593,22310,22903,17.574792760768265,390.9700882178811,408.5448809786493
64,0,2560,0.0,True,40,0.012462908011869436,0.012462908011869436,0.015097574740274983,0.01951362236497081,1.2462908011869436,1.2462908011869436,1.5097574740274982,1.9513622364970808,2016.0,159744.0,161760.0,80640,6389760,6470400,94.41037990257064,4743.767695740018,4838.178075642589
64,0,2560,0.01,True,40,0.012616822893807708,0.012638074066382534,0.015104128463628842,0.01961592806827115,1.2616822893807709,1.2638074066382534,1.510412846362884,1.9615928068271151,1405.775,109827.55,111233.325,56231,4393102,4449333,93.61757574644332,4678.910923573972,4772.528499320415
64,0,2560,0.02,True,40,0.012971281994536588,0.013115769230489694,0.015159539714650977,0.020288964689048665,1.2971281994536588,1.3115769230489693,1.5159539714650978,2.0288964689048665,902.3,67892.75,68795.05,36092,2715710,2751802,89.02620305563147,4298.886360254461,4387.912563310092
64,0,2560,0.05,True,40,0.013692142287732658,0.017432351246306446,0.015079341904858296,0.02992075603478657,1.3692142287732658,1.7432351246306446,1.5079341904858294,2.992075603478657,177.725,10017.4,10195.125,7109,400696,407805,58.77430890320228,1905.5580373406528,1964.332346243855
64,0,2560,0.1,True,40,0.010647458786541825,0.05259385359734791,0.012076301751066294,0.08429135476189789,1.0647458786541826,5.259385359734791,1.2076301751066294,8.429135476189789,29.35,528.7,558.05,1174,21148,22322,33.12597156885088,359.86773060171583,392.99370217056673
128,0,2560,0.0,True,20,0.025445802444399916,0.02544580244439992,0.03121246465596053,0.03887380525666551,2.5445802444399916,2.544580244439992,3.121246465596053,3.8873805256665515,8128.0,311296.0,319424.0,162560,6225920,6388480,184.57341215256207,4563.441631240035,4748.015043392597
128,0,2560,0.01,True,20,0.025853356557503863,0.025892750817594512,0.03123781706467548,0.03907451530004308,2.585335655750386,2.5892750817594514,3.123781706467548,3.907451530004308,5685.85,213906.5,219592.35,113717,4278130,4391847,182.9919764777784,4500.162122111302,4683.154098589079
128,0,2560,0.02,True,20,0.026474515806710636,0.026752939781302148,0.03137350878682689,0.040351705844933417,2.6474515806710635,2.675293978130215,3.137350878682689,4.035170584493342,3632.05,132130.6,135762.65,72641,2642612,2715253,173.64523475207847,4129.648296861566,4303.2935316136445
128,0,2560,0.05,True,20,0.028100036509421944,0.035457417657833924,0.031673101213302114,0.05885838712306781,2.8100036509421944,3.5457417657833923,3.1673101213302113,5.885838712306781,710.4,19324.9,20035.3,14208,386498,400706,112.45771497681909,1798.1912251934193,1910.648940170238
128,0,2560,0.1,True,20,0.024924209747208666,0.10783158093262295,0.02869451054197757,0.16558144765136804,2.4924209747208668,10.783158093262294,2.869451054197757,16.558144765136802,114.35,946.1,1060.45,2287,18922,21209,60.53417596228381,305.05132181485004,365.5854977771338
256,0,2560,0.0,True,10,0.05243676742751389,0.05243676742751388,0.06337886371235832,0.07456134659409602,5.243676742751389,5.243676742751388,6.3378863712358315,7.456134659409602,32640.0,589824.0,622464.0,326400,5898240,6224640,342.2609966435584,4248.0664622580425,4590.327458901602
256,0,2560,0.01,True,10,0.05323125012522606,0.053312445836009144,0.06342681651682545,0.07489545646696051,5.323125012522606,5.331244583600914,6.342681651682545,7.489545646696051,22804.5,404947.4,427751.9,228045,4049474,4277519,339.0583050047927,4188.029465057272,4527.087770062065
256,0,2560,0.02,True,10,0.05447449699891688,0.055050527412867034,0.06372445026960229,0.07705924050334147,5.4474496998916875,5.505052741286703,6.372445026960229,7.705924050334147,14546.7,249696.0,264242.7,145467,2496960,2642427,320.306895055174,3836.3249762553755,4156.63187131055
256,0,2560,0.05,True,10,0.05673182611795202,0.07136789103350333,0.06425352601980308,0.10794942837971008,5.673182611795202,7.136789103350333,6.425352601980308,10.794942837971009,2763.9,35963.6,38727.5,27639,359636,387275,197.11477923111997,1628.8770966848174,1825.9918759159375
256,0,2560,0.1,True,10,0.0533683634208111,0.2043672151314778,0.06233233555492908,0.2834119633766322,5.33683634208111,20.43672151314778,6.233233555492908,28.34119633766322,398.7,1552.2,1950.9,3987,15522,19509,94.09871250550098,237.9222487284156,332.0209612339166
512,0,2560,0.0,True,5,0.11091816800520946,0.11091816800520947,0.1327168975369763,0.14838929733316394,11.091816800520945,11.091816800520947,13.271689753697629,14.838929733316395,130816.0,1048576.0,1179392.0,654080,5242880,5896960,637.3651658473054,3657.858123850549,4295.223289697854
512,0,2560,0.01,True,5,0.11268871766160526,0.11283527530271875,0.13285856797997495,0.1489807419791128,11.268871766160526,11.283527530271876,13.285856797997495,14.89807419791128,91367.8,718377.2,809745.0,456839,3591886,4048725,630.961012970039,3604.2240491267803,4235.185062096819
512,0,2560,0.02,True,5,0.11521727223906517,0.11626404091735729,0.1336707239852895,0.15273530784591374,11.521727223906517,11.62640409173573,13.36707239852895,15.273530784591374,58074.4,441430.0,499504.4,290372,2207150,2497522,593.1861512648105,3290.5664638361022,3883.752615100913
512,0,2560,0.05,True,5,0.12240787876041259,0.14969658344647954,0.13806908391009895,0.20649100787849411,12.24078787604126,14.969658344647954,13.806908391009895,20.649100787849413,10804.8,61373.2,72178.0,54024,306866,360890,346.25482456067914,1330.597006025699,1676.8518305863784
512,0,2560,0.1,True,5,0.13113194095677122,0.3964933135215453,0.14827304898135601,0.4976812393423152,13.113194095677121,39.64933135215453,14.827304898135601,49.76812393423152,1334.2,2030.8,3365.0,6671,10154,16825,141.60006933645278,142.919535066512,284.51960440296483
1024,0,2560,0.0,False,,,,,,,,,,,,,,,,,,
1024,0,2560,0.01,False,,,,,,,,,,,,,,,,,,
1024,0,2560,0.02,False,,,,,,,,,,,,,,,,,,
1024,0,2560,0.05,False,,,,,,,,,,,,,,,,,,
1024,0,2560,0.1,False,,,,,,,,,,,,,,,,,,
2560,0,2560,0.0,True,1,1.0,1.0,1.0,1.0,100.0,100.0,100.0,100.0,3275520.0,0.0,3275520.0,3275520,0,3275520,2466.29422777258,0.0,2466.29422777258
2560,0,2560,0.01,True,1,1.0,1.0,1.0,1.0,100.0,100.0,100.0,100.0,2252782.0,0.0,2252782.0,2252782,0,2252782,2433.073037533429,0.0,2433.073037533429
2560,0,2560,0.02,True,1,1.0,1.0,1.0,1.0,100.0,100.0,100.0,100.0,1393947.0,0.0,1393947.0,1393947,0,1393947,2238.4693831828617,0.0,2238.4693831828617
2560,0,2560,0.05,True,1,1.0,1.0,1.0,1.0,100.0,100.0,100.0,100.0,207457.0,0.0,207457.0,207457,0,207457,1011.5533275735287,0.0,1011.5533275735287
2560,0,2560,0.1,True,1,1.0,1.0,1.0,1.0,100.0,100.0,100.0,100.0,11748.0,0.0,11748.0,11748,0,11748,213.05983686970882,0.0,213.05983686970882
