tile_size_v,trial,mean_share,mean_share_percent,median_share,median_share_percent
4,0,0.0011752904392778873,0.11752904392778873,0.0008488945313729346,0.08488945313729346
4,1,0.0011458987137302756,0.11458987137302756,0.0008557304390706122,0.08557304390706122
4,2,0.0011709906393662095,0.11709906393662095,0.0008444059640169144,0.08444059640169144
4,3,0.001159176230430603,0.1159176230430603,0.0008569973870180547,0.08569973870180547
4,4,0.0012136383447796106,0.12136383447796106,0.0009003276354633272,0.09003276354633272
4,5,0.0011514653451740742,0.11514653451740742,0.0008416181663051248,0.08416181663051248
4,6,0.0012224954552948475,0.12224954552948475,0.0009371272171847522,0.09371272171847522
4,7,0.001163286855444312,0.11632868554443121,0.0008752050343900919,0.08752050343900919
4,8,0.0011575000826269388,0.11575000826269388,0.0008333499426953495,0.08333499426953495
4,9,0.0011712126433849335,0.11712126433849335,0.0008825200493447483,0.08825200493447483
4,10,0.0011826356640085578,0.11826356640085578,0.0008821483352221549,0.08821483352221549
4,11,0.0011676207650452852,0.11676207650452852,0.0008241278701461852,0.08241278701461852
4,12,0.0011352242436259985,0.11352242436259985,0.0008552037179470062,0.08552037179470062
4,13,0.0011720397742465138,0.11720397742465138,0.0008700222242623568,0.08700222242623568
4,14,0.0012129988754168153,0.12129988754168153,0.0008999579004012048,0.08999579004012048
4,15,0.0011256829602643847,0.11256829602643847,0.0008372143493033946,0.08372143493033946
4,16,0.0011522334534674883,0.11522334534674883,0.0008610400836914778,0.08610400836914778
4,17,0.001165974186733365,0.1165974186733365,0.0008714040159247816,0.08714040159247816
4,18,0.0011447310680523515,0.11447310680523515,0.0008810171275399625,0.08810171275399625
4,19,0.0011455412022769451,0.11455412022769451,0.0008222198812291026,0.08222198812291026
4,20,0.0011742666829377413,0.11742666829377413,0.0008658272563479841,0.08658272563479841
4,21,0.0011566928587853909,0.11566928587853909,0.0008535064989700913,0.08535064989700913
4,22,0.0012028418714180589,0.12028418714180589,0.0008965876768343151,0.0896587676834315
4,23,0.0010963843669742346,0.10963843669742346,0.0008157603442668915,0.08157603442668915
4,24,0.0010977075435221195,0.10977075435221195,0.0007956263143569231,0.07956263143569231
4,25,0.0011863915715366602,0.11863915715366602,0.0008646287024021149,0.08646287024021149
4,26,0.0011788574047386646,0.11788574047386646,0.0008898103842511773,0.08898103842511773
4,27,0.001174225122667849,0.1174225122667849,0.0008808720158413053,0.08808720158413053
4,28,0.0011454857885837555,0.11454857885837555,0.0008485896978527308,0.08485896978527308
4,29,0.0011692974949255586,0.11692974949255586,0.0008433691109530628,0.08433691109530628
4,30,0.001180319464765489,0.11803194647654891,0.0008677548030391335,0.08677548030391335
4,31,0.001108668395318091,0.11086683953180909,0.0008194462861865759,0.08194462861865759
4,32,0.0011572331422939897,0.11572331422939897,0.0008369939750991762,0.08369939750991762
4,33,0.0011099096154794097,0.11099096154794097,0.000830756442155689,0.0830756442155689
4,34,0.0011383865494281054,0.11383865494281054,0.0008566796313971281,0.08566796313971281
4,35,0.0011850434821099043,0.11850434821099043,0.0008683615596964955,0.08683615596964955
4,36,0.0011717744637280703,0.11717744637280703,0.0008296143496409059,0.08296143496409059
4,37,0.0011771649587899446,0.11771649587899446,0.0008532945066690445,0.08532945066690445
4,38,0.0010975201148539782,0.10975201148539782,0.0008083611610345542,0.08083611610345542
4,39,0.0012362394481897354,0.12362394481897354,0.0008832261082716286,0.08832261082716286
4,40,0.0011895963689312339,0.11895963689312339,0.0008894221391528845,0.08894221391528845
4,41,0.0011951432097703218,0.11951432097703218,0.000869077630341053,0.0869077630341053
4,42,0.001179036684334278,0.11790366843342781,0.0008685999782755971,0.08685999782755971
4,43,0.0011934384237974882,0.11934384237974882,0.0008552130893804133,0.08552130893804133
4,44,0.0011895333882421255,0.11895333882421255,0.0008951942436397076,0.08951942436397076
4,45,0.0011600740253925323,0.11600740253925323,0.0008338289335370064,0.08338289335370064
4,46,0.001141524058766663,0.11415240587666631,0.0008469172171317041,0.08469172171317041
4,47,0.0011606798507273197,0.11606798507273197,0.000851836521178484,0.0851836521178484
4,48,0.001194162294268608,0.11941622942686081,0.0008657093858346343,0.08657093858346343
4,49,0.0012099257437512279,0.12099257437512279,0.0008685077773407102,0.08685077773407102
4,50,0.0011985423043370247,0.11985423043370247,0.000885952147655189,0.0885952147655189
4,51,0.0011670527746900916,0.11670527746900916,0.0008562507573515177,0.08562507573515177
4,52,0.0011549120536074042,0.11549120536074042,0.0008612037636339664,0.08612037636339664
4,53,0.0011548805050551891,0.11548805050551891,0.0008729554247111082,0.08729554247111082
4,54,0.0011383185628801584,0.11383185628801584,0.0008235301356762648,0.08235301356762648
4,55,0.0011999895796179771,0.11999895796179771,0.000899909995496273,0.0899909995496273
4,56,0.0011623501777648926,0.11623501777648926,0.0008328009280376136,0.08328009280376136
4,57,0.0011415118351578712,0.11415118351578712,0.000834247563034296,0.0834247563034296
4,58,0.001209996989928186,0.1209996989928186,0.0008923097047954798,0.08923097047954798
4,59,0.0012169283581897616,0.12169283581897616,0.0009063531761057675,0.09063531761057675
4,60,0.001187397981993854,0.1187397981993854,0.0008788201957941055,0.08788201957941055
4,61,0.0011790439020842314,0.11790439020842314,0.0008775739697739482,0.08775739697739482
4,62,0.0011571390787139535,0.11571390787139535,0.0008341037901118398,0.08341037901118398
4,63,0.0011899115052074194,0.11899115052074194,0.000883227854501456,0.0883227854501456
4,64,0.0011223326437175274,0.11223326437175274,0.0008251826511695981,0.08251826511695981
4,65,0.0011160476133227348,0.11160476133227348,0.0008218935690820217,0.08218935690820217
4,66,0.0011739494511857629,0.11739494511857629,0.0008831621962599456,0.08831621962599456
4,67,0.0011757814791053534,0.11757814791053534,0.000899645674508065,0.0899645674508065
4,68,0.0011756004532799125,0.11756004532799125,0.0008563438896089792,0.08563438896089792
4,69,0.001166352885775268,0.11663528857752681,0.0008516802918165922,0.08516802918165922
4,70,0.001180892577394843,0.11808925773948431,0.0008617010898888111,0.08617010898888111
4,71,0.0011889513116329908,0.11889513116329908,0.0008429617155343294,0.08429617155343294
4,72,0.0011960468254983425,0.11960468254983425,0.0009011091315187514,0.09011091315187514
4,73,0.0012063831090927124,0.12063831090927124,0.0008994450327008963,0.08994450327008963
4,74,0.0012447710614651442,0.12447710614651442,0.0009150906698778272,0.09150906698778272
4,75,0.0011944511206820607,0.11944511206820607,0.0008833900210447609,0.0883390021044761
4,76,0.0011568744666874409,0.11568744666874409,0.0008500978583469987,0.08500978583469987
4,77,0.001200628699734807,0.1200628699734807,0.0008963415748439729,0.08963415748439729
4,78,0.0011274602729827166,0.11274602729827166,0.0008511408814229071,0.08511408814229071
4,79,0.0011843814281746745,0.11843814281746745,0.0008806742844171822,0.08806742844171822
4,80,0.0011316208401694894,0.11316208401694894,0.0008443504339084029,0.08443504339084029
4,81,0.0012136232107877731,0.12136232107877731,0.0009169423719868064,0.09169423719868064
4,82,0.001187525107525289,0.1187525107525289,0.0008688290254212916,0.08688290254212916
4,83,0.0011644738260656595,0.11644738260656595,0.0008874388877302408,0.08874388877302408
4,84,0.001226927270181477,0.12269272701814771,0.0008985048625618219,0.0898504862561822
4,85,0.0011819035280495882,0.11819035280495882,0.0008688108064234257,0.08688108064234257
4,86,0.001135599217377603,0.1135599217377603,0.0008418541983701289,0.08418541983701289
4,87,0.0011465558782219887,0.11465558782219887,0.0008468785672448575,0.08468785672448575
4,88,0.0011753967264667153,0.11753967264667153,0.0008715379517525434,0.08715379517525434
4,89,0.0012054967228323221,0.12054967228323221,0.0008871469181030989,0.08871469181030989
4,90,0.001239178003743291,0.12391780037432909,0.0009391634957864881,0.0939163495786488
4,91,0.0011965709272772074,0.11965709272772074,0.0008977612596936524,0.08977612596936524
4,92,0.001207685680128634,0.1207685680128634,0.0008558078552596271,0.08558078552596271
4,93,0.0011444836854934692,0.11444836854934692,0.0008436755742877722,0.08436755742877722
4,94,0.0011335156159475446,0.11335156159475446,0.0008398739155381918,0.08398739155381918
4,95,0.0011485024588182569,0.11485024588182569,0.0008475997019559145,0.08475997019559145
4,96,0.00114352791570127,0.11435279157012701,0.0008665535133332014,0.08665535133332014
4,97,0.0012284887488931417,0.12284887488931417,0.0009095694404095411,0.09095694404095411
4,98,0.001194152282550931,0.1194152282550931,0.0008997399709187448,0.08997399709187448
4,99,0.001165037858299911,0.1165037858299911,0.0008631772361695766,0.08631772361695766
8,0,0.0027228372637182474,0.27228372637182474,0.002343837171792984,0.2343837171792984
8,1,0.002714575966820121,0.2714575966820121,0.0023690485395491123,0.23690485395491123
8,2,0.002739477436989546,0.2739477436989546,0.0024119901936501265,0.24119901936501265
8,3,0.0027482546865940094,0.27482546865940094,0.002366054803133011,0.2366054803133011
8,4,0.002654222771525383,0.2654222771525383,0.0023170302156358957,0.23170302156358957
8,5,0.0027313821483403444,0.27313821483403444,0.0024085952900350094,0.24085952900350094
8,6,0.0026338710449635983,0.2633871044963598,0.0022831459064036608,0.22831459064036608
8,7,0.0026633148081600666,0.26633148081600666,0.002353436080738902,0.2353436080738902
8,8,0.0027366275899112225,0.27366275899112225,0.0023522931151092052,0.23522931151092052
8,9,0.002735893242061138,0.2735893242061138,0.002368801273405552,0.2368801273405552
8,10,0.002726299688220024,0.2726299688220024,0.002364993328228593,0.2364993328228593
8,11,0.0027352129109203815,0.27352129109203815,0.002332447562366724,0.2332447562366724
8,12,0.002746725920587778,0.2746725920587778,0.00243567256256938,0.24356725625693798
8,13,0.0027030862402170897,0.27030862402170897,0.002362041035667062,0.23620410356670618
8,14,0.002772563835605979,0.2772563835605979,0.0023953940253704786,0.23953940253704786
8,15,0.0026904132682830095,0.26904132682830095,0.002317627891898155,0.23176278918981552
8,16,0.002821756526827812,0.2821756526827812,0.0024435103405267,0.24435103405267
8,17,0.002811739221215248,0.2811739221215248,0.0024316697381436825,0.24316697381436825
8,18,0.002750244690105319,0.2750244690105319,0.002374124014750123,0.2374124014750123
8,19,0.002814624924212694,0.2814624924212694,0.002448245184496045,0.2448245184496045
8,20,0.002733597531914711,0.2733597531914711,0.0024181585758924484,0.24181585758924484
8,21,0.0027282678056508303,0.272826780565083,0.002393637550994754,0.23936375509947538
8,22,0.0027962648309767246,0.27962648309767246,0.0024166996590793133,0.24166996590793133
8,23,0.0028031461406499147,0.2803146140649915,0.002454676665365696,0.2454676665365696
8,24,0.002757500158622861,0.2757500158622861,0.0023989672772586346,0.23989672772586346
8,25,0.0026548579335212708,0.2654857933521271,0.0022871438413858414,0.22871438413858414
8,26,0.0028301808051764965,0.28301808051764965,0.002453095745295286,0.24530957452952862
8,27,0.0026619057171046734,0.26619057171046734,0.0023314235731959343,0.23314235731959343
8,28,0.002739398507401347,0.2739398507401347,0.0024003214202821255,0.24003214202821255
8,29,0.0027596834115684032,0.2759683411568403,0.002419227035716176,0.2419227035716176
8,30,0.002681625308468938,0.2681625308468938,0.0023682215251028538,0.23682215251028538
8,31,0.0027276650071144104,0.27276650071144104,0.0023626855108886957,0.23626855108886957
8,32,0.002711594570428133,0.2711594570428133,0.002324675675481558,0.23246756754815578
8,33,0.0027381691616028547,0.2738169161602855,0.00237336871214211,0.237336871214211
8,34,0.002696665469557047,0.2696665469557047,0.0023041213862597942,0.23041213862597942
8,35,0.002734166570007801,0.2734166570007801,0.0024004848673939705,0.24004848673939705
8,36,0.0027499496936798096,0.27499496936798096,0.0023928312584757805,0.23928312584757805
8,37,0.002763745142146945,0.2763745142146945,0.002408942673355341,0.2408942673355341
8,38,0.0027590710669755936,0.27590710669755936,0.0024150502867996693,0.24150502867996693
8,39,0.002699201926589012,0.2699201926589012,0.0023158155381679535,0.23158155381679535
8,40,0.002774348948150873,0.2774348948150873,0.002368672750890255,0.2368672750890255
8,41,0.0028076735325157642,0.2807673532515764,0.0024289998691529036,0.24289998691529036
8,42,0.0027961034793406725,0.27961034793406725,0.0024781147949397564,0.24781147949397564
8,43,0.0027811795007437468,0.2781179500743747,0.002399276942014694,0.23992769420146942
8,44,0.0027511666994541883,0.27511666994541883,0.0023803755175322294,0.23803755175322294
8,45,0.002764218021184206,0.2764218021184206,0.0023994380608201027,0.23994380608201027
8,46,0.002744330558925867,0.2744330558925867,0.0023736446164548397,0.23736446164548397
8,47,0.0027265180833637714,0.27265180833637714,0.0023474893532693386,0.23474893532693386
8,48,0.0026733684353530407,0.26733684353530407,0.0023560330737382174,0.23560330737382174
8,49,0.0027633041609078646,0.27633041609078646,0.002429461106657982,0.2429461106657982
8,50,0.0027653826400637627,0.27653826400637627,0.0024023561272770166,0.24023561272770166
8,51,0.0027287036646157503,0.27287036646157503,0.002382415346801281,0.2382415346801281
8,52,0.0027080585714429617,0.27080585714429617,0.0023320529144257307,0.23320529144257307
8,53,0.002766961697489023,0.2766961697489023,0.0023766453377902508,0.23766453377902508
8,54,0.00266305822879076,0.266305822879076,0.0023868493735790253,0.23868493735790253
8,55,0.002705274848267436,0.2705274848267436,0.0023660543374717236,0.23660543374717236
8,56,0.002791754202917218,0.2791754202917218,0.0023766392841935158,0.23766392841935158
8,57,0.002836607163771987,0.2836607163771987,0.0024943805765360594,0.24943805765360594
8,58,0.0027216733433306217,0.27216733433306217,0.002338636899366975,0.23386368993669748
8,59,0.0027613830752670765,0.27613830752670765,0.0024034890811890364,0.24034890811890364
8,60,0.0026914612390100956,0.26914612390100956,0.002335363533347845,0.2335363533347845
8,61,0.0027021337300539017,0.27021337300539017,0.002343870000913739,0.23438700009137392
8,62,0.0027189687825739384,0.27189687825739384,0.0023602223955094814,0.23602223955094814
8,63,0.0026600377168506384,0.26600377168506384,0.0023709263186901808,0.23709263186901808
8,64,0.0027529848739504814,0.27529848739504814,0.002351783448830247,0.2351783448830247
8,65,0.0026785233058035374,0.26785233058035374,0.0022983187809586525,0.22983187809586525
8,66,0.0028075012378394604,0.28075012378394604,0.0024551122914999723,0.24551122914999723
8,67,0.0026967888697981834,0.26967888697981834,0.0023592086508870125,0.23592086508870125
8,68,0.0026736531872302294,0.26736531872302294,0.002337247598916292,0.23372475989162922
8,69,0.0027988103684037924,0.27988103684037924,0.0024420409463346004,0.24420409463346004
8,70,0.0027857827953994274,0.27857827953994274,0.002453017281368375,0.24530172813683748
8,71,0.002765835728496313,0.2765835728496313,0.0024495376273989677,0.24495376273989677
8,72,0.0027023637667298317,0.27023637667298317,0.002402005484327674,0.2402005484327674
8,73,0.0027665160596370697,0.27665160596370697,0.0023715640418231487,0.23715640418231487
8,74,0.002707967534661293,0.2707967534661293,0.0023140134289860725,0.23140134289860725
8,75,0.0027088739443570375,0.27088739443570375,0.0023808947298675776,0.23808947298675776
8,76,0.002799032721668482,0.2799032721668482,0.0024398344103246927,0.24398344103246927
8,77,0.0027141040191054344,0.27141040191054344,0.002375517738983035,0.2375517738983035
8,78,0.0027123666368424892,0.2712366636842489,0.0023388308472931385,0.23388308472931385
8,79,0.002668291563168168,0.2668291563168168,0.002290118020027876,0.2290118020027876
8,80,0.0027834537904709578,0.2783453790470958,0.002418341813609004,0.2418341813609004
8,81,0.0027875204104930162,0.2787520410493016,0.0024693866726011038,0.24693866726011038
8,82,0.00273754820227623,0.273754820227623,0.0023502481635659933,0.23502481635659933
8,83,0.0026860311627388,0.26860311627388,0.002311314456164837,0.2311314456164837
8,84,0.002854461781680584,0.2854461781680584,0.0025031352415680885,0.25031352415680885
8,85,0.002654673531651497,0.2654673531651497,0.002331668511033058,0.23316685110330582
8,86,0.002774567576125264,0.2774567576125264,0.0024442996364086866,0.24442996364086866
8,87,0.0028466752264648676,0.28466752264648676,0.0024328273721039295,0.24328273721039295
8,88,0.0026838649064302444,0.26838649064302444,0.0023478339426219463,0.23478339426219463
8,89,0.0027330289594829082,0.2733028959482908,0.0023787585087120533,0.23787585087120533
8,90,0.002786255907267332,0.2786255907267332,0.0024378809612244368,0.24378809612244368
8,91,0.002755663823336363,0.2755663823336363,0.0024025782477110624,0.24025782477110624
8,92,0.0027210013940930367,0.27210013940930367,0.0024014730006456375,0.24014730006456375
8,93,0.0027292598970234394,0.27292598970234394,0.002380203688517213,0.2380203688517213
8,94,0.0027586433570832014,0.27586433570832014,0.0023735538125038147,0.23735538125038147
8,95,0.002681825775653124,0.2681825775653124,0.0023198744747787714,0.23198744747787714
8,96,0.002752976957708597,0.2752976957708597,0.002372837159782648,0.2372837159782648
8,97,0.0027225902304053307,0.27225902304053307,0.002343086525797844,0.2343086525797844
8,98,0.002667240099981427,0.2667240099981427,0.002311571268364787,0.2311571268364787
8,99,0.002712768968194723,0.2712768968194723,0.002329466165974736,0.23294661659747362
16,0,0.0058075422421097755,0.5807542242109776,0.00536206504330039,0.536206504330039
16,1,0.0058713192120194435,0.5871319212019444,0.005483594257384539,0.5483594257384539
16,2,0.005879781674593687,0.5879781674593687,0.00541832996532321,0.541832996532321
16,3,0.0058325473219156265,0.5832547321915627,0.005419059656560421,0.5419059656560421
16,4,0.005855565890669823,0.5855565890669823,0.005480777006596327,0.5480777006596327
16,5,0.005773171782493591,0.5773171782493591,0.005380865186452866,0.5380865186452866
16,6,0.005853877402842045,0.5853877402842045,0.005493248347193003,0.5493248347193003
16,7,0.005780619569122791,0.5780619569122791,0.005372004583477974,0.5372004583477974
16,8,0.005866886582225561,0.5866886582225561,0.00537417596206069,0.537417596206069
16,9,0.005827020853757858,0.5827020853757858,0.005472430493682623,0.5472430493682623
16,10,0.005846165586262941,0.5846165586262941,0.005401126109063625,0.5401126109063625
16,11,0.005806013476103544,0.5806013476103544,0.005398881155997515,0.5398881155997515
16,12,0.0058435131795704365,0.5843513179570436,0.005410068202763796,0.5410068202763796
16,13,0.005827519576996565,0.5827519576996565,0.0054908799938857555,0.5490879993885756
16,14,0.005892565008252859,0.5892565008252859,0.005465408321470022,0.5465408321470022
16,15,0.005856340751051903,0.5856340751051903,0.005458415951579809,0.5458415951579809
16,16,0.005835595540702343,0.5835595540702343,0.005413556005805731,0.5413556005805731
16,17,0.005851075053215027,0.5851075053215027,0.005443639121949673,0.5443639121949673
16,18,0.005854250397533178,0.5854250397533178,0.005482564214617014,0.5482564214617014
16,19,0.005729581229388714,0.5729581229388714,0.005369571503251791,0.5369571503251791
16,20,0.005927803926169872,0.5927803926169872,0.005502448882907629,0.5502448882907629
16,21,0.005909073166549206,0.5909073166549206,0.00551138911396265,0.551138911396265
16,22,0.005896212998777628,0.5896212998777628,0.0054582832381129265,0.5458283238112926
16,23,0.005782130174338818,0.5782130174338818,0.0054032402113080025,0.5403240211308002
16,24,0.005781698506325483,0.5781698506325483,0.005412632599473,0.5412632599473
16,25,0.005888137500733137,0.5888137500733137,0.005389694590121508,0.5389694590121508
16,26,0.005863763391971588,0.5863763391971588,0.005442844703793526,0.5442844703793526
16,27,0.005872366484254599,0.5872366484254599,0.005580706987529993,0.5580706987529993
16,28,0.0058234385214746,0.58234385214746,0.005403648596256971,0.5403648596256971
16,29,0.0058477167040109634,0.5847716704010963,0.00548248877748847,0.548248877748847
16,30,0.005815444514155388,0.5815444514155388,0.005403794348239899,0.5403794348239899
16,31,0.005949150770902634,0.5949150770902634,0.005438107531517744,0.5438107531517744
16,32,0.005755377467721701,0.5755377467721701,0.005355237517505884,0.5355237517505884
16,33,0.005914396606385708,0.5914396606385708,0.005498741287738085,0.5498741287738085
16,34,0.005809170193970203,0.5809170193970203,0.005383889656513929,0.5383889656513929
16,35,0.005800036713480949,0.5800036713480949,0.00540616549551487,0.540616549551487
16,36,0.005797994323074818,0.5797994323074818,0.005386087112128735,0.5386087112128735
16,37,0.0058766803704202175,0.5876680370420218,0.005469906609505415,0.5469906609505415
16,38,0.005889096297323704,0.5889096297323704,0.005499400198459625,0.5499400198459625
16,39,0.005850405432283878,0.5850405432283878,0.005410759709775448,0.5410759709775448
16,40,0.005839858204126358,0.5839858204126358,0.005463210865855217,0.5463210865855217
16,41,0.005828005261719227,0.5828005261719227,0.00544434180483222,0.544434180483222
16,42,0.005759206600487232,0.5759206600487232,0.005385148338973522,0.5385148338973522
16,43,0.005862648133188486,0.5862648133188486,0.0054788547568023205,0.547885475680232
16,44,0.00578998913988471,0.578998913988471,0.005501334089785814,0.5501334089785814
16,45,0.005866513587534428,0.5866513587534428,0.005438441876322031,0.5438441876322031
16,46,0.005843712482601404,0.5843712482601404,0.005463815294206142,0.5463815294206142
16,47,0.00593909015879035,0.593909015879035,0.005496913101524115,0.5496913101524115
16,48,0.00586362648755312,0.586362648755312,0.005419559311121702,0.5419559311121702
16,49,0.0058656553737819195,0.586565537378192,0.0054941195994615555,0.5494119599461555
16,50,0.0058763837441802025,0.5876383744180202,0.005459471605718136,0.5459471605718136
16,51,0.005950332619249821,0.5950332619249821,0.005599708762019873,0.5599708762019873
16,52,0.005837041884660721,0.5837041884660721,0.005388608202338219,0.5388608202338219
16,53,0.005994492210447788,0.5994492210447788,0.005547242239117622,0.5547242239117622
16,54,0.005933595821261406,0.5933595821261406,0.005568249151110649,0.5568249151110649
16,55,0.005855319555848837,0.5855319555848837,0.0054701147601008415,0.5470114760100842
16,56,0.005889850668609142,0.5889850668609142,0.00545473163947463,0.545473163947463
16,57,0.005814429372549057,0.5814429372549057,0.005421367008239031,0.5421367008239031
16,58,0.0058478000573813915,0.5847800057381392,0.005524675827473402,0.5524675827473402
16,59,0.006028211675584316,0.6028211675584316,0.005574286449700594,0.5574286449700594
16,60,0.0057600331492722034,0.5760033149272203,0.005329812876880169,0.5329812876880169
16,61,0.00583622744306922,0.583622744306922,0.005447970237582922,0.5447970237582922
16,62,0.005759463645517826,0.5759463645517826,0.005378480535000563,0.5378480535000563
16,63,0.005793125834316015,0.5793125834316015,0.005410918965935707,0.5410918965935707
16,64,0.005862995516508818,0.5862995516508818,0.005393696017563343,0.5393696017563343
16,65,0.005987389944493771,0.5987389944493771,0.005593028385192156,0.5593028385192156
16,66,0.00593214575201273,0.593214575201273,0.00552418502047658,0.552418502047658
16,67,0.005715858191251755,0.5715858191251755,0.005326614249497652,0.5326614249497652
16,68,0.005804852582514286,0.5804852582514286,0.0054002972319722176,0.5400297231972218
16,69,0.0057630157098174095,0.576301570981741,0.005385949742048979,0.5385949742048979
16,70,0.005947004072368145,0.5947004072368145,0.005587066523730755,0.5587066523730755
16,71,0.005899348761886358,0.5899348761886358,0.00548768462613225,0.548768462613225
16,72,0.005922052077949047,0.5922052077949047,0.005579996854066849,0.5579996854066849
16,73,0.005842932034283876,0.5842932034283876,0.005440291482955217,0.5440291482955217
16,74,0.005830696783959866,0.5830696783959866,0.005426602438092232,0.5426602438092232
16,75,0.0058763111010193825,0.5876311101019382,0.005418356973677874,0.5418356973677874
16,76,0.005940345581620932,0.5940345581620932,0.005519361235201359,0.5519361235201359
16,77,0.005894274450838566,0.5894274450838566,0.005424110218882561,0.5424110218882561
16,78,0.005869649816304445,0.5869649816304445,0.005499929189682007,0.5499929189682007
16,79,0.005842923652380705,0.5842923652380705,0.005414542742073536,0.5414542742073536
16,80,0.005889559630304575,0.5889559630304575,0.005488050170242786,0.5488050170242786
16,81,0.005762551911175251,0.5762551911175251,0.005389739293605089,0.5389739293605089
16,82,0.0057962387800216675,0.5796238780021667,0.005341530777513981,0.5341530777513981
16,83,0.005900506395846605,0.5900506395846605,0.005536900367587805,0.5536900367587805
16,84,0.005848974455147982,0.5848974455147982,0.005484487861394882,0.5484487861394882
16,85,0.005742523819208145,0.5742523819208145,0.005384410731494427,0.5384410731494427
16,86,0.005895798094570637,0.5895798094570637,0.005455422215163708,0.5455422215163708
16,87,0.005921800620853901,0.5921800620853901,0.00546955456957221,0.546955456957221
16,88,0.006022946909070015,0.6022946909070015,0.005631288513541222,0.5631288513541222
16,89,0.005809670779854059,0.5809670779854059,0.005375578533858061,0.5375578533858061
16,90,0.005990724079310894,0.5990724079310894,0.0055979578755795956,0.5597957875579596
16,91,0.005839297082275152,0.5839297082275152,0.005508956965059042,0.5508956965059042
16,92,0.005883695557713509,0.5883695557713509,0.005523643922060728,0.5523643922060728
16,93,0.005879741627722979,0.5879741627722979,0.005533040501177311,0.5533040501177311
16,94,0.005911111366003752,0.5911111366003752,0.00555825512856245,0.555825512856245
16,95,0.005862068384885788,0.5862068384885788,0.005402310285717249,0.5402310285717249
16,96,0.005891247186809778,0.5891247186809778,0.005490094423294067,0.5490094423294067
16,97,0.005889412015676498,0.5889412015676498,0.005518753081560135,0.5518753081560135
16,98,0.005869475193321705,0.5869475193321705,0.005419185850769281,0.5419185850769281
16,99,0.005856512580066919,0.5856512580066919,0.005514902528375387,0.5514902528375387
32,0,0.012207700870931149,1.2207700870931149,0.011758316308259964,1.1758316308259964
32,1,0.011973937042057514,1.1973937042057514,0.01161150261759758,1.161150261759758
32,2,0.011984152719378471,1.1984152719378471,0.011556901037693024,1.1556901037693024
32,3,0.012086426839232445,1.2086426839232445,0.011691173538565636,1.1691173538565636
32,4,0.012207712046802044,1.2207712046802044,0.011750505305826664,1.1750505305826664
32,5,0.012164713814854622,1.2164713814854622,0.011700388975441456,1.1700388975441456
32,6,0.012159097008407116,1.2159097008407116,0.0117228664457798,1.17228664457798
32,7,0.012144370004534721,1.2144370004534721,0.011733165942132473,1.1733165942132473
32,8,0.012234976515173912,1.2234976515173912,0.011778074316680431,1.1778074316680431
32,9,0.012158778496086597,1.2158778496086597,0.011676722206175327,1.1676722206175327
32,10,0.01201760396361351,1.201760396361351,0.01164298877120018,1.164298877120018
32,11,0.012126157060265541,1.212615706026554,0.011617464013397694,1.1617464013397694
32,12,0.01198936253786087,1.198936253786087,0.011470124125480652,1.1470124125480652
32,13,0.012153607793152332,1.2153607793152332,0.011696290224790573,1.1696290224790573
32,14,0.01203010231256485,1.203010231256485,0.01155139785259962,1.155139785259962
32,15,0.012177358381450176,1.2177358381450176,0.011752028949558735,1.1752028949558735
32,16,0.012097478844225407,1.2097478844225407,0.011697421781718731,1.169742178171873
32,17,0.011976164765655994,1.1976164765655994,0.011602389626204967,1.1602389626204967
32,18,0.012168300338089466,1.2168300338089466,0.011776984669268131,1.1776984669268131
32,19,0.012265041470527649,1.226504147052765,0.011843834072351456,1.1843834072351456
32,20,0.012146520428359509,1.2146520428359509,0.011634133756160736,1.1634133756160736
32,21,0.011979149654507637,1.1979149654507637,0.011477235704660416,1.1477235704660416
32,22,0.012143447063863277,1.2143447063863277,0.011695386841893196,1.1695386841893196
32,23,0.012161972932517529,1.2161972932517529,0.011703736148774624,1.1703736148774624
32,24,0.012046637013554573,1.2046637013554573,0.011652721092104912,1.1652721092104912
32,25,0.012201364152133465,1.2201364152133465,0.011684640310704708,1.1684640310704708
32,26,0.012162589468061924,1.2162589468061924,0.011651255190372467,1.1651255190372467
32,27,0.012091832235455513,1.2091832235455513,0.011622858233749866,1.1622858233749866
32,28,0.012141738086938858,1.2141738086938858,0.011610918678343296,1.1610918678343296
32,29,0.01222087349742651,1.222087349742651,0.011812878772616386,1.1812878772616386
32,30,0.012092779390513897,1.2092779390513897,0.01161218248307705,1.161218248307705
32,31,0.012178302742540836,1.2178302742540836,0.011707348749041557,1.1707348749041557
32,32,0.012035558000206947,1.2035558000206947,0.011630755849182606,1.1630755849182606
32,33,0.012294703163206577,1.2294703163206577,0.011838440783321857,1.1838440783321857
32,34,0.012354522943496704,1.2354522943496704,0.011943873018026352,1.1943873018026352
32,35,0.012078488245606422,1.2078488245606422,0.011569052934646606,1.1569052934646606
32,36,0.01224213931709528,1.224213931709528,0.011854086071252823,1.1854086071252823
32,37,0.012029473669826984,1.2029473669826984,0.011517749167978764,1.1517749167978764
32,38,0.012039454653859138,1.2039454653859138,0.011611079797148705,1.1611079797148705
32,39,0.012134307995438576,1.2134307995438576,0.011613591574132442,1.1613591574132442
32,40,0.012133825570344925,1.2133825570344925,0.011725313030183315,1.1725313030183315
32,41,0.012071550823748112,1.2071550823748112,0.011659808456897736,1.1659808456897736
32,42,0.01212417520582676,1.212417520582676,0.01165007147938013,1.165007147938013
32,43,0.012056736275553703,1.2056736275553703,0.01160985417664051,1.160985417664051
32,44,0.012097463011741638,1.2097463011741638,0.011554785072803497,1.1554785072803497
32,45,0.012159223668277264,1.2159223668277264,0.011687621474266052,1.1687621474266052
32,46,0.012200373224914074,1.2200373224914074,0.01167867798358202,1.167867798358202
32,47,0.011987430974841118,1.1987430974841118,0.011544567532837391,1.154456753283739
32,48,0.01210952177643776,1.210952177643776,0.011649747379124165,1.1649747379124165
32,49,0.01205645315349102,1.205645315349102,0.011758648790419102,1.1758648790419102
32,50,0.01209308858960867,1.209308858960867,0.01166110672056675,1.166110672056675
32,51,0.011977218091487885,1.1977218091487885,0.01158716157078743,1.158716157078743
32,52,0.012225947342813015,1.2225947342813015,0.01169399544596672,1.169399544596672
32,53,0.012077301740646362,1.2077301740646362,0.011612845584750175,1.1612845584750175
32,54,0.011984447948634624,1.1984447948634624,0.011571631766855717,1.1571631766855717
32,55,0.01216970756649971,1.216970756649971,0.011614499613642693,1.1614499613642693
32,56,0.012181492522358894,1.2181492522358894,0.011720363050699234,1.1720363050699234
32,57,0.011999750509858131,1.1999750509858131,0.011597895063459873,1.1597895063459873
32,58,0.012193562462925911,1.219356246292591,0.011771745048463345,1.1771745048463345
32,59,0.012273401021957397,1.2273401021957397,0.011800349690020084,1.1800349690020084
32,60,0.012044994160532951,1.2044994160532951,0.011590556241571903,1.1590556241571903
32,61,0.012200761586427689,1.2200761586427689,0.011701973155140877,1.1701973155140877
32,62,0.012010646983981133,1.2010646983981133,0.011515782214701176,1.1515782214701176
32,63,0.012034937739372253,1.2034937739372253,0.01165036391466856,1.165036391466856
32,64,0.012199264951050282,1.2199264951050282,0.01161784864962101,1.161784864962101
32,65,0.012045137584209442,1.2045137584209442,0.011662648990750313,1.1662648990750313
32,66,0.012106736190617085,1.2106736190617085,0.011717821471393108,1.1717821471393108
32,67,0.012137431651353836,1.2137431651353836,0.01165084820240736,1.165084820240736
32,68,0.012216366827487946,1.2216366827487946,0.011746847070753574,1.1746847070753574
32,69,0.01201129425317049,1.201129425317049,0.011608999222517014,1.1608999222517014
32,70,0.012101991102099419,1.2101991102099419,0.011580566875636578,1.1580566875636578
32,71,0.012034042738378048,1.2034042738378048,0.011495650745928288,1.1495650745928288
32,72,0.012131176888942719,1.2131176888942719,0.011599428951740265,1.1599428951740265
32,73,0.01214873231947422,1.214873231947422,0.011794796213507652,1.1794796213507652
32,74,0.012121342122554779,1.212134212255478,0.011656288988888264,1.1656288988888264
32,75,0.011994932778179646,1.1994932778179646,0.011570119298994541,1.1570119298994541
32,76,0.012159977108240128,1.2159977108240128,0.01169871911406517,1.169871911406517
32,77,0.01219373382627964,1.219373382627964,0.011727576144039631,1.172757614403963
32,78,0.012228813022375107,1.2228813022375107,0.011757534928619862,1.1757534928619862
32,79,0.012143333442509174,1.2143333442509174,0.011704230681061745,1.1704230681061745
32,80,0.011989874765276909,1.1989874765276909,0.011603796854615211,1.1603796854615211
32,81,0.012060018256306648,1.2060018256306648,0.01154855266213417,1.154855266213417
32,82,0.012022425420582294,1.2022425420582294,0.011471634730696678,1.1471634730696678
32,83,0.012119315564632416,1.2119315564632416,0.011568785645067692,1.1568785645067692
32,84,0.012179098092019558,1.2179098092019558,0.011733568273484707,1.1733568273484707
32,85,0.0121498117223382,1.21498117223382,0.011667821556329727,1.1667821556329727
32,86,0.012040541507303715,1.2040541507303715,0.011679207906126976,1.1679207906126976
32,87,0.01216577272862196,1.216577272862196,0.011600625701248646,1.1600625701248646
32,88,0.012266559526324272,1.2266559526324272,0.011802312918007374,1.1802312918007374
32,89,0.0121929831802845,1.21929831802845,0.011809473857283592,1.1809473857283592
32,90,0.012049886398017406,1.2049886398017406,0.01163909025490284,1.163909025490284
32,91,0.012309728190302849,1.2309728190302849,0.011852145195007324,1.1852145195007324
32,92,0.012138769961893559,1.2138769961893559,0.011701107025146484,1.1701107025146484
32,93,0.012104314751923084,1.2104314751923084,0.011654561385512352,1.1654561385512352
32,94,0.011994424276053905,1.1994424276053905,0.01152603980153799,1.152603980153799
32,95,0.012151958420872688,1.2151958420872688,0.011618572287261486,1.1618572287261486
32,96,0.012120036408305168,1.2120036408305168,0.011705657467246056,1.1705657467246056
32,97,0.01219300925731659,1.219300925731659,0.011713270097970963,1.1713270097970963
32,98,0.012103977613151073,1.2103977613151073,0.01165724266320467,1.165724266320467
32,99,0.012235049158334732,1.2235049158334732,0.011730344966053963,1.1730344966053963
