method,ratio,mode,nll,d_ppl,delta_d_ppl_vs_dense,delta_percent_vs_dense,tokens,source_json
dense,,isolated,1.969975833,7.170503193,0.000000000,0.000000000,1024,model-calibration/serialization_dir/qwen35_dppl_results/dense_isolated_w2.json
dense,,pathwise,1.969975833,7.170503193,0.000000000,0.000000000,1024,model-calibration/serialization_dir/qwen35_dppl_results/dense_pathwise_w2.json
pimdl_lut_comp,0.0,isolated,6.212614522,499.004204755,491.833701562,6859.123945571,1024,model-calibration/serialization_dir/qwen35_dppl_ratio_sweep/pimdl_v16_c128_comp00_abs_isolated_w2.json
pimdl_lut_comp,0.0,pathwise,7.847349339,2558.942431429,2551.771928235,35587.069127251,1024,model-calibration/serialization_dir/qwen35_dppl_ratio_sweep/pimdl_v16_c128_comp00_abs_pathwise_w2.json
pimdl_lut_comp,0.02,isolated,4.491347044,89.241577255,82.071074061,1144.565058359,1024,model-calibration/serialization_dir/qwen35_dppl_ratio_sweep/pimdl_v16_c128_comp02_abs_isolated_w2.json
pimdl_lut_comp,0.02,pathwise,5.654056424,285.447014759,278.276511566,3880.850535269,1024,model-calibration/serialization_dir/qwen35_dppl_ratio_sweep/pimdl_v16_c128_comp02_abs_pathwise_w2.json
pimdl_lut_comp,0.05,isolated,3.651434408,38.529894000,31.359390807,437.338774711,1024,model-calibration/serialization_dir/qwen35_dppl_ratio_sweep/pimdl_v16_c128_comp05_abs_isolated_w2.json
pimdl_lut_comp,0.05,pathwise,4.687167737,108.545315168,101.374811974,1413.775424663,1024,model-calibration/serialization_dir/qwen35_dppl_ratio_sweep/pimdl_v16_c128_comp05_abs_pathwise_w2.json
pimdl_lut_comp,0.1,isolated,3.016779244,20.425400403,13.254897209,184.853096800,1024,model-calibration/serialization_dir/qwen35_dppl_ratio_sweep/pimdl_v16_c128_comp10_abs_isolated_w2.json
pimdl_lut_comp,0.1,pathwise,3.682840291,39.759161447,32.588658253,454.482166366,1024,model-calibration/serialization_dir/qwen35_dppl_ratio_sweep/pimdl_v16_c128_comp10_abs_pathwise_w2.json
pimdl_lut_comp,0.2,isolated,2.454007618,11.634881568,4.464378375,62.260321967,1024,model-calibration/serialization_dir/qwen35_dppl_ratio_sweep/pimdl_v16_c128_comp20_abs_isolated_w2.json
pimdl_lut_comp,0.2,pathwise,2.635066246,13.944236186,6.773732992,94.466633786,1024,model-calibration/serialization_dir/qwen35_dppl_ratio_sweep/pimdl_v16_c128_comp20_abs_pathwise_w2.json
pimdl_lut_comp,0.3,isolated,2.196329708,8.991949776,1.821446583,25.401935309,1024,model-calibration/serialization_dir/qwen35_dppl_ratio_sweep/pimdl_v16_c128_comp30_abs_isolated_w2.json
pimdl_lut_comp,0.3,pathwise,2.268931633,9.669065180,2.498561986,34.845002068,1024,model-calibration/serialization_dir/qwen35_dppl_ratio_sweep/pimdl_v16_c128_comp30_abs_pathwise_w2.json
pimdl_lut_comp,0.4,isolated,2.097811536,8.148318085,0.977814892,13.636628637,1024,model-calibration/serialization_dir/qwen35_dppl_ratio_sweep/pimdl_v16_c128_comp40_abs_isolated_w2.json
pimdl_lut_comp,0.4,pathwise,2.101361474,8.177295513,1.006792319,14.040748498,1024,model-calibration/serialization_dir/qwen35_dppl_ratio_sweep/pimdl_v16_c128_comp40_abs_pathwise_w2.json
pimdl_lut_comp,0.5,isolated,2.021802741,7.551926835,0.381423641,5.319342746,1024,model-calibration/serialization_dir/qwen35_dppl_ratio_sweep/pimdl_v16_c128_comp50_abs_isolated_w2.json
pimdl_lut_comp,0.5,pathwise,2.035640673,7.657156287,0.486653094,6.786875072,1024,model-calibration/serialization_dir/qwen35_dppl_ratio_sweep/pimdl_v16_c128_comp50_abs_pathwise_w2.json
topk_only,0.0,isolated,9.526936020,13724.475071963,13717.304568770,191301.840312196,1024,model-calibration/serialization_dir/qwen35_dppl_topk_only_ratio_sweep/topk_only_comp00_abs_isolated_w2.json
topk_only,0.0,pathwise,9.943043912,20806.982609071,20799.812105878,290074.650894715,1024,model-calibration/serialization_dir/qwen35_dppl_topk_only_ratio_sweep/topk_only_comp00_abs_pathwise_w2.json
topk_only,0.02,isolated,8.871565125,7126.425996527,7119.255493333,99285.298412641,1024,model-calibration/serialization_dir/qwen35_dppl_topk_only_ratio_sweep/topk_only_comp02_abs_isolated_w2.json
topk_only,0.02,pathwise,9.438009124,12556.693181056,12549.522677862,175015.927602899,1024,model-calibration/serialization_dir/qwen35_dppl_topk_only_ratio_sweep/topk_only_comp02_abs_pathwise_w2.json
topk_only,0.05,isolated,7.725221539,2264.754263366,2257.583760172,31484.314269956,1024,model-calibration/serialization_dir/qwen35_dppl_topk_only_ratio_sweep/topk_only_comp05_abs_isolated_w2.json
topk_only,0.05,pathwise,9.348428741,11480.770001384,11473.599498191,160011.078561759,1024,model-calibration/serialization_dir/qwen35_dppl_topk_only_ratio_sweep/topk_only_comp05_abs_pathwise_w2.json
topk_only,0.1,isolated,5.564238881,260.926532034,253.756028840,3538.887327612,1024,model-calibration/serialization_dir/qwen35_dppl_topk_only_ratio_sweep/topk_only_comp10_abs_isolated_w2.json
topk_only,0.1,pathwise,7.173993572,1305.046004351,1297.875501157,18100.201145404,1024,model-calibration/serialization_dir/qwen35_dppl_topk_only_ratio_sweep/topk_only_comp10_abs_pathwise_w2.json
topk_only,0.2,isolated,3.053675309,21.193092620,14.022589427,195.559349861,1024,model-calibration/serialization_dir/qwen35_dppl_topk_only_ratio_sweep/topk_only_comp20_abs_isolated_w2.json
topk_only,0.2,pathwise,4.003948020,54.814130687,47.643627493,664.439108493,1024,model-calibration/serialization_dir/qwen35_dppl_topk_only_ratio_sweep/topk_only_comp20_abs_pathwise_w2.json
topk_only,0.3,isolated,2.472906591,11.856859857,4.686356664,65.356036214,1024,model-calibration/serialization_dir/qwen35_dppl_topk_only_ratio_sweep/topk_only_comp30_abs_isolated_w2.json
topk_only,0.3,pathwise,2.619945722,13.734978052,6.564474859,91.548315113,1024,model-calibration/serialization_dir/qwen35_dppl_topk_only_ratio_sweep/topk_only_comp30_abs_pathwise_w2.json
topk_only,0.4,isolated,2.148514369,8.572113935,1.401610742,19.546895158,1024,model-calibration/serialization_dir/qwen35_dppl_topk_only_ratio_sweep/topk_only_comp40_abs_isolated_w2.json
topk_only,0.4,pathwise,2.220509931,9.212027164,2.041523970,28.471139547,1024,model-calibration/serialization_dir/qwen35_dppl_topk_only_ratio_sweep/topk_only_comp40_abs_pathwise_w2.json
topk_only,0.5,isolated,2.050073184,7.768469614,0.597966421,8.339253252,1024,model-calibration/serialization_dir/qwen35_dppl_topk_only_ratio_sweep/topk_only_comp50_abs_isolated_w2.json
topk_only,0.5,pathwise,2.069279618,7.919116272,0.748613078,10.440174951,1024,model-calibration/serialization_dir/qwen35_dppl_topk_only_ratio_sweep/topk_only_comp50_abs_pathwise_w2.json
