rank,sample_id,eval_token_index,channel,tile_id,tile_offset,activation,quantized_activation,reconstruction_error,abs_reconstruction_error,nearest_centroid
1,48,4344,56,14,0,-7.71875,1.0429129600524902,-8.761663436889648,8.761663436889648,113
2,60,5817,56,14,0,-7.28125,0.7482866048812866,-8.029536247253418,8.029536247253418,95
3,28,2550,56,14,0,-7.0625,0.7482866048812866,-7.810786724090576,7.810786724090576,95
4,7,717,56,14,0,-6.75,1.0429129600524902,-7.79291296005249,7.79291296005249,113
5,45,4135,56,14,0,-6.71875,1.0429129600524902,-7.76166296005249,7.76166296005249,113
6,49,4380,56,14,0,-6.6875,1.0429129600524902,-7.73041296005249,7.73041296005249,113
7,26,2516,56,14,0,-6.90625,0.7482866048812866,-7.654536724090576,7.654536724090576,95
8,44,3895,56,14,0,-6.40625,1.0795166492462158,-7.485766410827637,7.485766410827637,93
9,51,4754,56,14,0,-6.40625,1.0429129600524902,-7.44916296005249,7.44916296005249,113
10,88,8338,56,14,0,-6.6875,0.7482866048812866,-7.435786724090576,7.435786724090576,95
11,99,9841,56,14,0,-6.6875,0.7482866048812866,-7.435786724090576,7.435786724090576,95
12,63,6106,56,14,0,-6.6875,0.7482866048812866,-7.435786724090576,7.435786724090576,95
13,47,4265,56,14,0,-6.5,0.7482866048812866,-7.248286724090576,7.248286724090576,95
14,82,7542,24,6,0,9.9375,2.6964197158813477,7.241080284118652,7.241080284118652,118
15,12,1434,56,14,0,-5.9375,1.2608788013458252,-7.198378562927246,7.198378562927246,51
16,25,2454,56,14,0,-5.90625,1.2608788013458252,-7.167128562927246,7.167128562927246,51
17,69,6414,24,6,0,9.5625,2.4571733474731445,7.1053266525268555,7.1053266525268555,101
18,57,5387,56,14,0,-6.03125,1.0429129600524902,-7.07416296005249,7.07416296005249,113
19,43,3841,56,14,0,-6.25,0.7482866048812866,-6.998286724090576,6.998286724090576,95
20,29,2579,56,14,0,-6.21875,0.7482866048812866,-6.967036724090576,6.967036724090576,95
21,46,4150,24,6,0,9.3125,2.4571733474731445,6.8553266525268555,6.8553266525268555,101
22,30,2841,56,14,0,-5.625,1.1680748462677002,-6.793074607849121,6.793074607849121,36
23,94,8889,56,14,0,-5.75,1.0429129600524902,-6.79291296005249,6.79291296005249,113
24,21,2048,66,16,2,-7.75,-0.9661680459976196,-6.78383207321167,6.78383207321167,93
25,65,6174,66,16,2,-7.75,-0.9661680459976196,-6.78383207321167,6.78383207321167,93
26,92,8820,56,14,0,-5.71875,1.0429129600524902,-6.76166296005249,6.76166296005249,113
27,19,1986,66,16,2,-7.71875,-0.9661680459976196,-6.75258207321167,6.75258207321167,93
28,42,3819,56,14,0,-5.9375,0.7482866048812866,-6.685786724090576,6.685786724090576,95
29,17,1871,56,14,0,-5.59375,1.0795166492462158,-6.673266410827637,6.673266410827637,93
30,97,9378,56,14,0,-5.4375,1.1680748462677002,-6.605574607849121,6.605574607849121,36
31,75,6864,24,6,0,9.0625,2.4571733474731445,6.6053266525268555,6.6053266525268555,101
32,74,6771,24,6,0,9.0625,2.4571733474731445,6.6053266525268555,6.6053266525268555,101
33,21,2048,56,14,0,-5.34375,1.2608788013458252,-6.604628562927246,6.604628562927246,51
34,84,7920,56,14,0,-5.53125,1.0429129600524902,-6.57416296005249,6.57416296005249,113
35,6,587,56,14,0,-5.3125,1.2608788013458252,-6.573378562927246,6.573378562927246,51
36,16,1721,56,14,0,-5.8125,0.7482866048812866,-6.560786724090576,6.560786724090576,95
37,59,5756,24,6,0,9.0,2.4571733474731445,6.5428266525268555,6.5428266525268555,101
38,66,6303,24,6,0,9.0,2.4571733474731445,6.5428266525268555,6.5428266525268555,101
39,56,5336,56,14,0,-5.25,1.2608788013458252,-6.510878562927246,6.510878562927246,51
40,54,5259,56,14,0,-5.75,0.7482866048812866,-6.498286724090576,6.498286724090576,95
41,36,3341,56,14,0,-5.71875,0.7482866048812866,-6.467036724090576,6.467036724090576,95
42,80,7097,56,14,0,-5.28125,1.1680748462677002,-6.449324607849121,6.449324607849121,36
43,50,4618,56,14,0,-5.25,1.1680748462677002,-6.418074607849121,6.418074607849121,36
44,0,143,56,14,0,-5.21875,1.1680748462677002,-6.386824607849121,6.386824607849121,36
45,55,5307,56,14,0,-5.625,0.7482866048812866,-6.373286724090576,6.373286724090576,95
46,98,9764,56,14,0,-5.625,0.7482866048812866,-6.373286724090576,6.373286724090576,95
47,35,3286,56,14,0,-5.21875,1.0429129600524902,-6.26166296005249,6.26166296005249,113
48,76,6903,24,6,0,8.6875,2.4571733474731445,6.2303266525268555,6.2303266525268555,101
49,75,6864,56,14,0,-5.46875,0.7482866048812866,-6.217036724090576,6.217036724090576,95
50,77,6929,56,14,0,-5.03125,1.1680748462677002,-6.199324607849121,6.199324607849121,36
51,33,3179,56,14,0,-5.03125,1.1680748462677002,-6.199324607849121,6.199324607849121,36
52,93,8837,56,14,0,-5.15625,1.0429129600524902,-6.19916296005249,6.19916296005249,113
53,64,6113,56,14,0,-5.4375,0.7482866048812866,-6.185786724090576,6.185786724090576,95
54,70,6493,24,6,0,8.625,2.4571733474731445,6.1678266525268555,6.1678266525268555,101
55,62,6010,24,6,0,8.625,2.4571733474731445,6.1678266525268555,6.1678266525268555,101
56,80,7097,24,6,0,8.625,2.4571733474731445,6.1678266525268555,6.1678266525268555,101
57,96,9171,56,14,0,-5.09375,1.0429129600524902,-6.13666296005249,6.13666296005249,113
58,38,3689,56,14,0,-4.875,1.2608788013458252,-6.135878562927246,6.135878562927246,51
59,17,1871,66,16,2,-7.09375,-1.0132607221603394,-6.080489158630371,6.080489158630371,12
60,83,7599,56,14,0,-5.03125,1.0429129600524902,-6.07416296005249,6.07416296005249,113
61,52,5051,56,14,0,-5.3125,0.7482866048812866,-6.060786724090576,6.060786724090576,95
62,13,1462,56,14,0,-4.96875,1.0795166492462158,-6.048266410827637,6.048266410827637,93
63,67,6359,24,6,0,8.5,2.4571733474731445,6.0428266525268555,6.0428266525268555,101
64,78,6934,24,6,0,8.5,2.4571733474731445,6.0428266525268555,6.0428266525268555,101
65,34,3217,66,16,2,-6.9375,-0.9661680459976196,-5.97133207321167,5.97133207321167,93
66,66,6303,56,14,0,-4.75,1.1680748462677002,-5.918074607849121,5.918074607849121,36
67,73,6642,24,6,0,8.375,2.4571733474731445,5.9178266525268555,5.9178266525268555,101
68,41,3777,66,16,2,-6.875,-0.9661680459976196,-5.90883207321167,5.90883207321167,93
69,71,6605,24,6,0,8.5625,2.6964197158813477,5.866080284118652,5.866080284118652,118
70,63,6106,24,6,0,8.25,2.4571733474731445,5.7928266525268555,5.7928266525268555,101
71,65,6174,24,6,0,8.25,2.4571733474731445,5.7928266525268555,5.7928266525268555,101
72,22,2163,56,14,0,-5.03125,0.7482866048812866,-5.779536724090576,5.779536724090576,95
73,39,3698,66,16,2,-6.71875,-0.9661680459976196,-5.75258207321167,5.75258207321167,93
74,95,9149,56,14,0,-4.53125,1.1680748462677002,-5.699324607849121,5.699324607849121,36
75,46,4150,56,14,0,-4.9375,0.7482866048812866,-5.685786724090576,5.685786724090576,95
76,68,6402,24,6,0,8.375,2.6964197158813477,5.678580284118652,5.678580284118652,118
77,77,6929,24,6,0,8.125,2.4571733474731445,5.6678266525268555,5.6678266525268555,101
78,59,5756,56,14,0,-4.90625,0.7482866048812866,-5.654536724090576,5.654536724090576,95
79,78,6934,56,14,0,-4.46875,1.1680748462677002,-5.636824607849121,5.636824607849121,36
80,87,8238,56,14,0,-4.375,1.2608788013458252,-5.635878562927246,5.635878562927246,51
81,14,1599,56,14,0,-4.875,0.7482866048812866,-5.623286724090576,5.623286724090576,95
82,70,6493,56,14,0,-4.84375,0.7482866048812866,-5.592036724090576,5.592036724090576,95
83,53,5186,56,14,0,-4.8125,0.7482866048812866,-5.560786724090576,5.560786724090576,95
84,62,6010,56,14,0,-4.75,0.7482866048812866,-5.498286724090576,5.498286724090576,95
85,94,8889,66,16,2,-6.5625,-1.0736042261123657,-5.488895893096924,5.488895893096924,89
86,90,8510,24,6,0,6.875,1.4034218788146973,5.471578121185303,5.471578121185303,124
87,76,6903,56,14,0,-4.71875,0.7482866048812866,-5.467036724090576,5.467036724090576,95
88,19,1986,56,14,0,-4.28125,1.1680748462677002,-5.449324607849121,5.449324607849121,36
89,11,1370,56,14,0,-4.6875,0.7482866048812866,-5.435786724090576,5.435786724090576,95
90,34,3217,56,14,0,-4.25,1.1680748462677002,-5.418074607849121,5.418074607849121,36
91,1,149,56,14,0,-4.25,1.1680748462677002,-5.418074607849121,5.418074607849121,36
92,37,3343,56,14,0,-4.25,1.1680748462677002,-5.418074607849121,5.418074607849121,36
93,79,7027,56,14,0,-4.59375,0.7482866048812866,-5.342036724090576,5.342036724090576,95
94,90,8510,56,14,0,-4.15625,1.1680748462677002,-5.324324607849121,5.324324607849121,36
95,50,4618,24,6,0,7.78125,2.4571733474731445,5.3240766525268555,5.3240766525268555,101
96,81,7254,56,14,0,-4.125,1.1680748462677002,-5.293074607849121,5.293074607849121,36
97,58,5453,56,14,0,-4.25,1.0429129600524902,-5.29291296005249,5.29291296005249,113
98,81,7254,24,6,0,7.75,2.4571733474731445,5.2928266525268555,5.2928266525268555,101
99,61,5897,24,6,0,7.71875,2.4571733474731445,5.2615766525268555,5.2615766525268555,101
100,32,3113,3,0,3,6.5625,1.3017035722732544,5.260796546936035,5.260796546936035,86
101,64,6113,66,16,2,-6.21875,-0.9661680459976196,-5.25258207321167,5.25258207321167,93
102,20,2026,66,16,2,-6.21875,-1.0132607221603394,-5.205489158630371,5.205489158630371,12
103,74,6771,56,14,0,-4.40625,0.7482866048812866,-5.154536724090576,5.154536724090576,95
104,64,6113,24,6,0,7.59375,2.4571733474731445,5.1365766525268555,5.1365766525268555,101
105,84,7920,24,6,0,7.59375,2.4571733474731445,5.1365766525268555,5.1365766525268555,101
106,85,8086,56,14,0,-3.9375,1.1680748462677002,-5.105574607849121,5.105574607849121,36
107,73,6642,56,14,0,-4.34375,0.7482866048812866,-5.092036724090576,5.092036724090576,95
108,37,3343,66,16,2,-6.03125,-0.9661680459976196,-5.06508207321167,5.06508207321167,93
109,47,4265,24,6,0,7.46875,2.4571733474731445,5.0115766525268555,5.0115766525268555,101
110,33,3179,24,6,0,6.40625,1.4034218788146973,5.002828121185303,5.002828121185303,124
111,23,2282,56,14,0,-3.90625,1.0795166492462158,-4.985766410827637,4.985766410827637,93
112,18,1976,24,6,0,7.40625,2.4571733474731445,4.9490766525268555,4.9490766525268555,101
113,83,7599,24,6,0,7.40625,2.4571733474731445,4.9490766525268555,4.9490766525268555,101
114,8,867,56,14,0,-3.609375,1.2608788013458252,-4.870253562927246,4.870253562927246,51
115,38,3689,66,16,2,-5.78125,-0.9661680459976196,-4.81508207321167,4.81508207321167,93
116,15,1654,56,14,0,-3.640625,1.1680748462677002,-4.808699607849121,4.808699607849121,36
117,45,4135,24,6,0,7.25,2.4571733474731445,4.7928266525268555,4.7928266525268555,101
118,68,6402,56,14,0,-3.53125,1.2608788013458252,-4.792128562927246,4.792128562927246,51
119,39,3698,56,14,0,-3.53125,1.2608788013458252,-4.792128562927246,4.792128562927246,51
120,67,6359,56,14,0,-4.03125,0.7482866048812866,-4.779536724090576,4.779536724090576,95
121,35,3286,66,16,2,-5.71875,-0.9661680459976196,-4.75258207321167,4.75258207321167,93
122,42,3819,66,16,2,-5.71875,-0.9661680459976196,-4.75258207321167,4.75258207321167,93
123,27,2519,56,14,0,-4.0,0.7482866048812866,-4.748286724090576,4.748286724090576,95
124,69,6414,56,14,0,-4.0,0.7482866048812866,-4.748286724090576,4.748286724090576,95
125,65,6174,56,14,0,-3.5625,1.1680748462677002,-4.730574607849121,4.730574607849121,36
126,85,8086,24,6,0,7.1875,2.4571733474731445,4.7303266525268555,4.7303266525268555,101
127,82,7542,56,14,0,-3.96875,0.7482866048812866,-4.717036724090576,4.717036724090576,95
128,62,6010,66,16,2,-5.46875,-0.772463858127594,-4.696286201477051,4.696286201477051,64
129,14,1599,66,16,2,-5.46875,-0.772463858127594,-4.696286201477051,4.696286201477051,64
130,71,6605,66,16,2,-5.65625,-0.9661680459976196,-4.69008207321167,4.69008207321167,93
131,44,3895,66,16,2,-5.65625,-0.9661680459976196,-4.69008207321167,4.69008207321167,93
132,72,6630,56,14,0,-3.421875,1.2608788013458252,-4.682753562927246,4.682753562927246,51
133,31,3109,56,14,0,-3.5,1.1680748462677002,-4.668074607849121,4.668074607849121,36
134,79,7027,24,6,0,7.125,2.4571733474731445,4.6678266525268555,4.6678266525268555,101
135,60,5817,24,6,0,7.125,2.4571733474731445,4.6678266525268555,4.6678266525268555,101
136,6,587,66,16,2,-5.65625,-1.0132607221603394,-4.642989158630371,4.642989158630371,12
137,63,6106,66,16,2,-5.59375,-0.9661680459976196,-4.62758207321167,4.62758207321167,93
138,18,1976,56,14,0,-3.859375,0.7482866048812866,-4.607661724090576,4.607661724090576,95
139,24,2388,56,14,0,-3.828125,0.7482866048812866,-4.576411724090576,4.576411724090576,95
140,48,4344,24,6,0,6.96875,2.4571733474731445,4.5115766525268555,4.5115766525268555,101
141,52,5051,66,16,2,-5.46875,-0.9661680459976196,-4.50258207321167,4.50258207321167,93
142,40,3767,66,16,2,-5.125,-0.6844854354858398,-4.44051456451416,4.44051456451416,79
143,83,7599,66,16,2,-5.40625,-0.9661680459976196,-4.44008207321167,4.44008207321167,93
144,79,7027,66,16,2,-5.46875,-1.0736042261123657,-4.395145893096924,4.395145893096924,89
145,99,9841,24,6,0,6.84375,2.4571733474731445,4.3865766525268555,4.3865766525268555,101
146,10,1013,56,14,0,-3.203125,1.1680748462677002,-4.371199607849121,4.371199607849121,36
147,3,181,24,6,0,6.125,1.759203314781189,4.3657965660095215,4.3657965660095215,105
148,72,6630,24,6,0,6.78125,2.4571733474731445,4.3240766525268555,4.3240766525268555,101
149,0,143,24,6,0,6.78125,2.4571733474731445,4.3240766525268555,4.3240766525268555,101
150,49,4380,24,6,0,6.78125,2.4571733474731445,4.3240766525268555,4.3240766525268555,101
151,98,9764,24,6,0,5.71875,1.4034218788146973,4.315328121185303,4.315328121185303,124
152,78,6934,66,16,2,-5.28125,-0.9661680459976196,-4.31508207321167,4.31508207321167,93
153,61,5897,56,14,0,-2.6875,1.5811580419540405,-4.26865816116333,4.26865816116333,97
154,4,267,2,0,2,-4.4375,-0.1774359792470932,-4.260064125061035,4.260064125061035,86
155,83,7599,1,0,1,-3.65625,0.5844319462776184,-4.240682125091553,4.240682125091553,86
156,91,8762,56,14,0,-2.9375,1.2608788013458252,-4.198378562927246,4.198378562927246,51
157,29,2579,66,16,2,-5.0625,-0.9661680459976196,-4.09633207321167,4.09633207321167,93
158,12,1434,55,13,3,7.71875,3.6320724487304688,4.086677551269531,4.086677551269531,51
159,95,9149,1,0,1,-3.5,0.5844319462776184,-4.084432125091553,4.084432125091553,86
160,71,6605,56,14,0,-2.890625,1.1680748462677002,-4.058699607849121,4.058699607849121,36
161,3,181,56,14,0,-2.890625,1.1680748462677002,-4.058699607849121,4.058699607849121,36
162,73,6642,66,16,2,-5.125,-1.0736042261123657,-4.051395893096924,4.051395893096924,89
163,67,6359,66,16,2,-4.78125,-0.772463858127594,-4.008786201477051,4.008786201477051,64
164,31,3109,24,6,0,5.75,1.759203314781189,3.9907965660095215,3.9907965660095215,105
165,2,159,24,6,0,6.4375,2.4571733474731445,3.9803266525268555,3.9803266525268555,101
166,96,9171,1,0,1,-3.390625,0.5844319462776184,-3.9750568866729736,3.9750568866729736,86
167,11,1370,66,16,2,-4.9375,-0.9661680459976196,-3.97133207321167,3.97133207321167,93
168,14,1599,55,13,3,7.59375,3.6342718601226807,3.9594781398773193,3.9594781398773193,30
169,51,4754,24,6,0,6.40625,2.4571733474731445,3.9490766525268555,3.9490766525268555,101
170,84,7920,66,16,2,-4.90625,-0.9661680459976196,-3.94008207321167,3.94008207321167,93
171,17,1871,55,13,3,7.5625,3.6320724487304688,3.9304275512695312,3.9304275512695312,51
172,1,149,24,6,0,6.375,2.4571733474731445,3.9178266525268555,3.9178266525268555,101
173,40,3767,1,0,1,-3.296875,0.5844319462776184,-3.8813068866729736,3.8813068866729736,86
174,9,912,56,14,0,-2.578125,1.2608788013458252,-3.839003801345825,3.839003801345825,51
175,16,1721,55,13,3,7.4375,3.6342718601226807,3.8032281398773193,3.8032281398773193,30
176,42,3819,1,0,1,-3.140625,0.5844319462776184,-3.7250568866729736,3.7250568866729736,86
177,84,7920,1,0,1,-3.0625,0.5844319462776184,-3.6469318866729736,3.6469318866729736,86
178,9,912,66,16,2,-4.71875,-1.0736042261123657,-3.645145893096924,3.645145893096924,89
179,64,6113,1,0,1,-3.046875,0.5844319462776184,-3.6313068866729736,3.6313068866729736,86
180,20,2026,1,0,1,-3.046875,0.5844319462776184,-3.6313068866729736,3.6313068866729736,86
181,52,5051,1,0,1,-3.03125,0.5844319462776184,-3.6156818866729736,3.6156818866729736,86
182,10,1013,66,16,2,-4.625,-1.0132607221603394,-3.611739158630371,3.611739158630371,12
183,20,2026,56,14,0,-2.53125,1.0795166492462158,-3.610766649246216,3.610766649246216,93
184,2,159,56,14,0,-2.421875,1.1680748462677002,-3.5899498462677,3.5899498462677,36
185,89,8507,56,14,0,-2.421875,1.1680748462677002,-3.5899498462677,3.5899498462677,36
186,90,8510,5,1,1,4.59375,1.0863683223724365,3.5073816776275635,3.5073816776275635,100
187,88,8338,24,6,0,4.90625,1.4034218788146973,3.5028281211853027,3.5028281211853027,124
188,57,5387,66,16,2,-4.46875,-0.9661680459976196,-3.50258207321167,3.50258207321167,93
189,50,4618,66,16,2,-4.46875,-1.0132607221603394,-3.455489158630371,3.455489158630371,12
190,5,383,56,14,0,-2.1875,1.2608788013458252,-3.448378801345825,3.448378801345825,51
191,46,4150,66,16,2,-4.40625,-0.9661680459976196,-3.44008207321167,3.44008207321167,93
192,85,8086,66,16,2,-4.5,-1.0736042261123657,-3.426395893096924,3.426395893096924,89
193,41,3777,56,14,0,-2.25,1.1680748462677002,-3.4180748462677,3.4180748462677,36
194,24,2388,24,6,0,5.875,2.4571733474731445,3.4178266525268555,3.4178266525268555,101
195,4,267,24,6,0,4.28125,0.8800211548805237,3.401228904724121,3.401228904724121,110
196,89,8507,24,6,0,5.84375,2.4571733474731445,3.3865766525268555,3.3865766525268555,101
197,53,5186,66,16,2,-4.0625,-0.6844854354858398,-3.37801456451416,3.37801456451416,79
198,23,2282,66,16,2,-4.34375,-0.9661680459976196,-3.37758207321167,3.37758207321167,93
199,15,1654,55,13,3,7.71875,4.345516204833984,3.3732337951660156,3.3732337951660156,113
200,81,7254,66,16,2,-4.4375,-1.0736042261123657,-3.363895893096924,3.363895893096924,89
201,54,5259,66,16,2,-4.0,-0.6844854354858398,-3.31551456451416,3.31551456451416,79
202,40,3767,17,4,1,-2.71875,0.5928698778152466,-3.311619758605957,3.311619758605957,124
203,9,912,1,0,1,-2.71875,0.5844319462776184,-3.3031818866729736,3.3031818866729736,86
204,43,3841,66,16,2,-4.25,-0.9661680459976196,-3.28383207321167,3.28383207321167,93
205,34,3217,24,6,0,5.71875,2.4571733474731445,3.2615766525268555,3.2615766525268555,101
206,24,2388,66,16,2,-3.984375,-0.772463858127594,-3.211911201477051,3.211911201477051,64
207,39,3698,1,0,1,-2.625,0.5844319462776184,-3.2094318866729736,3.2094318866729736,86
208,97,9378,66,16,2,-4.15625,-0.9661680459976196,-3.19008207321167,3.19008207321167,93
209,89,8507,55,13,3,6.8125,3.6342718601226807,3.1782281398773193,3.1782281398773193,30
210,30,2841,24,6,0,5.625,2.4571733474731445,3.1678266525268555,3.1678266525268555,101
211,12,1434,66,16,2,-4.21875,-1.0736042261123657,-3.145145893096924,3.145145893096924,89
212,91,8762,66,16,2,-4.09375,-0.9661680459976196,-3.12758207321167,3.12758207321167,93
213,22,2163,55,13,3,6.75,3.6342718601226807,3.1157281398773193,3.1157281398773193,30
214,69,6414,1,0,1,-2.53125,0.5844319462776184,-3.1156818866729736,3.1156818866729736,86
215,5,383,1,0,1,-2.53125,0.5844319462776184,-3.1156818866729736,3.1156818866729736,86
216,98,9764,5,1,1,4.1875,1.0863683223724365,3.1011316776275635,3.1011316776275635,100
217,14,1599,1,0,1,-2.515625,0.5844319462776184,-3.1000568866729736,3.1000568866729736,86
218,86,8214,66,16,2,-4.0625,-0.9661680459976196,-3.09633207321167,3.09633207321167,93
219,53,5186,20,5,0,-1.5234375,1.5519205331802368,-3.0753579139709473,3.0753579139709473,82
220,68,6402,20,5,0,-1.5234375,1.5519205331802368,-3.0753579139709473,3.0753579139709473,82
221,1,149,66,16,2,-3.84375,-0.772463858127594,-3.071286201477051,3.071286201477051,64
222,56,5336,1,0,1,-2.484375,0.5844319462776184,-3.0688068866729736,3.0688068866729736,86
223,11,1370,1,0,1,-2.484375,0.5844319462776184,-3.0688068866729736,3.0688068866729736,86
224,10,1013,1,0,1,-2.484375,0.5844319462776184,-3.0688068866729736,3.0688068866729736,86
225,24,2388,5,1,1,4.65625,1.5938974618911743,3.0623526573181152,3.0623526573181152,47
226,19,1986,24,6,0,3.65625,0.6102110147476196,3.04603910446167,3.04603910446167,107
227,8,867,1,0,1,-2.453125,0.5844319462776184,-3.0375568866729736,3.0375568866729736,86
228,66,6303,20,5,0,-1.484375,1.5519205331802368,-3.0362954139709473,3.0362954139709473,82
229,89,8507,5,1,1,4.625,1.5938974618911743,3.0311026573181152,3.0311026573181152,47
230,35,3286,1,0,1,-2.4375,0.5844319462776184,-3.0219318866729736,3.0219318866729736,86
231,83,7599,26,6,2,-1.546875,1.4718811511993408,-3.018756151199341,3.018756151199341,101
232,32,3113,24,6,0,5.46875,2.4571733474731445,3.0115766525268555,3.0115766525268555,101
233,77,6929,66,16,2,-3.78125,-0.772463858127594,-3.008786201477051,3.008786201477051,64
234,51,4754,66,16,2,-3.78125,-0.772463858127594,-3.008786201477051,3.008786201477051,64
235,69,6414,3,0,3,-1.703125,1.3017035722732544,-3.004828453063965,3.004828453063965,86
236,54,5259,5,1,1,4.0625,1.0863683223724365,2.9761316776275635,2.9761316776275635,100
237,94,8889,5,1,1,4.5625,1.5938974618911743,2.9686026573181152,2.9686026573181152,47
238,39,3698,17,4,1,-2.359375,0.5928698778152466,-2.952244758605957,2.952244758605957,124
239,5,383,66,16,2,-3.71875,-0.772463858127594,-2.946286201477051,2.946286201477051,64
240,91,8762,24,6,0,4.34375,1.4034218788146973,2.9403281211853027,2.9403281211853027,124
241,69,6414,66,16,2,-3.90625,-0.9661680459976196,-2.94008207321167,2.94008207321167,93
242,32,3113,56,14,0,-1.859375,1.0795166492462158,-2.938891649246216,2.938891649246216,93
243,38,3689,17,4,1,-2.34375,0.5928698778152466,-2.936619758605957,2.936619758605957,124
244,10,1013,17,4,1,-2.34375,0.5928698778152466,-2.936619758605957,2.936619758605957,124
245,31,3109,2,0,2,-3.109375,-0.1774359792470932,-2.931939125061035,2.931939125061035,86
246,6,587,47,11,3,0.875,-2.0548171997070312,2.9298171997070312,2.9298171997070312,119
247,95,9149,24,6,0,5.375,2.4571733474731445,2.9178266525268555,2.9178266525268555,101
248,37,3343,1,0,1,-2.328125,0.5844319462776184,-2.9125568866729736,2.9125568866729736,86
249,57,5387,1,0,1,-2.328125,0.5844319462776184,-2.9125568866729736,2.9125568866729736,86
250,35,3286,24,6,0,4.3125,1.4034218788146973,2.9090781211853027,2.9090781211853027,124
251,39,3698,5,1,1,4.46875,1.5640254020690918,2.904724597930908,2.904724597930908,103
252,87,8238,24,6,0,4.28125,1.4034218788146973,2.8778281211853027,2.8778281211853027,124
253,90,8510,55,13,3,6.5,3.6342718601226807,2.8657281398773193,2.8657281398773193,30
254,86,8214,56,14,0,-1.6953125,1.1680748462677002,-2.8633873462677,2.8633873462677,36
255,15,1654,66,16,2,-3.625,-0.772463858127594,-2.852536201477051,2.852536201477051,64
256,13,1462,1,0,1,-2.25,0.5844319462776184,-2.8344318866729736,2.8344318866729736,86
257,67,6359,20,5,0,-1.265625,1.5519205331802368,-2.8175454139709473,2.8175454139709473,82
258,62,6010,1,0,1,-2.21875,0.5844319462776184,-2.8031818866729736,2.8031818866729736,86
259,41,3777,1,0,1,-2.203125,0.5844319462776184,-2.7875568866729736,2.7875568866729736,86
260,22,2163,66,16,2,-3.75,-0.9661680459976196,-2.78383207321167,2.78383207321167,93
261,41,3777,17,4,1,-2.1875,0.5928698778152466,-2.780369758605957,2.780369758605957,124
262,40,3767,56,14,0,-1.515625,1.2608788013458252,-2.776503801345825,2.776503801345825,51
263,8,867,24,6,0,4.53125,1.759203314781189,2.7720465660095215,2.7720465660095215,105
264,85,8086,26,6,2,-1.28125,1.4718811511993408,-2.753131151199341,2.753131151199341,101
265,95,9149,66,16,2,-3.71875,-0.9661680459976196,-2.75258207321167,2.75258207321167,93
266,34,3217,25,6,1,-3.078125,-0.33161064982414246,-2.746514320373535,2.746514320373535,101
267,31,3109,66,16,2,-3.75,-1.0132607221603394,-2.736739158630371,2.736739158630371,12
268,31,3109,17,4,1,-2.140625,0.5928698778152466,-2.733494758605957,2.733494758605957,124
269,37,3343,24,6,0,5.1875,2.4571733474731445,2.7303266525268555,2.7303266525268555,101
270,55,5307,3,0,3,-1.421875,1.3017035722732544,-2.723578453063965,2.723578453063965,86
271,47,4265,66,16,2,-3.40625,-0.6844854354858398,-2.72176456451416,2.72176456451416,79
272,88,8338,66,16,2,-3.734375,-1.0132607221603394,-2.721114158630371,2.721114158630371,12
273,8,867,66,16,2,-3.734375,-1.0132607221603394,-2.721114158630371,2.721114158630371,12
274,13,1462,66,16,2,-3.734375,-1.0132607221603394,-2.721114158630371,2.721114158630371,12
275,85,8086,1,0,1,-2.125,0.5844319462776184,-2.7094318866729736,2.7094318866729736,86
276,86,8214,17,4,1,-2.109375,0.5928698778152466,-2.702244758605957,2.702244758605957,124
277,27,2519,24,6,0,5.15625,2.4571733474731445,2.6990766525268555,2.6990766525268555,101
278,72,6630,66,16,2,-3.46875,-0.772463858127594,-2.696286201477051,2.696286201477051,64
279,40,3767,20,5,0,-2.0625,0.631747305393219,-2.694247245788574,2.694247245788574,126
280,51,4754,26,6,2,-1.21875,1.4718811511993408,-2.690631151199341,2.690631151199341,101
281,15,1654,5,1,1,4.28125,1.5938974618911743,2.6873526573181152,2.6873526573181152,47
282,64,6113,20,5,0,-1.1328125,1.5519205331802368,-2.6847329139709473,2.6847329139709473,82
283,4,267,56,14,0,-1.640625,1.0429129600524902,-2.6835379600524902,2.6835379600524902,113
284,53,5186,1,0,1,-2.09375,0.5844319462776184,-2.6781818866729736,2.6781818866729736,86
285,45,4135,20,5,0,-1.125,1.5519205331802368,-2.6769204139709473,2.6769204139709473,82
286,23,2282,24,6,0,5.125,2.4571733474731445,2.6678266525268555,2.6678266525268555,101
287,33,3179,66,16,2,-3.625,-0.9661680459976196,-2.65883207321167,2.65883207321167,93
288,31,3109,26,6,2,-2.953125,-0.29567116498947144,-2.657453775405884,2.657453775405884,105
289,27,2519,3,0,3,3.953125,1.3017035722732544,2.651421546936035,2.651421546936035,86
290,46,4150,1,0,1,-2.0625,0.5844319462776184,-2.6469318866729736,2.6469318866729736,86
291,60,5817,26,6,2,-1.171875,1.4718811511993408,-2.643756151199341,2.643756151199341,101
292,28,2550,66,16,2,-3.609375,-0.9661680459976196,-2.64320707321167,2.64320707321167,93
293,61,5897,20,5,0,-1.0703125,1.5519205331802368,-2.6222329139709473,2.6222329139709473,82
294,69,6414,5,1,1,3.703125,1.0863683223724365,2.6167566776275635,2.6167566776275635,100
295,99,9841,1,0,1,-2.03125,0.5844319462776184,-2.6156818866729736,2.6156818866729736,86
296,86,8214,5,1,1,4.1875,1.5938974618911743,2.5936026573181152,2.5936026573181152,47
297,79,7027,5,1,1,3.671875,1.0863683223724365,2.5855066776275635,2.5855066776275635,100
298,19,1986,52,13,0,1.0390625,-1.5451741218566895,2.5842366218566895,2.5842366218566895,30
299,45,4135,1,0,1,-1.9921875,0.5844319462776184,-2.5766193866729736,2.5766193866729736,86
300,15,1654,20,5,0,-1.015625,1.5519205331802368,-2.5675454139709473,2.5675454139709473,82
301,29,2579,24,6,0,3.96875,1.4034218788146973,2.5653281211853027,2.5653281211853027,124
302,38,3689,20,5,0,-1.0,1.5519205331802368,-2.5519204139709473,2.5519204139709473,82
303,31,3109,1,0,1,-1.9609375,0.5844319462776184,-2.5453693866729736,2.5453693866729736,86
304,44,3895,1,0,1,-1.9609375,0.5844319462776184,-2.5453693866729736,2.5453693866729736,86
305,44,3895,24,6,0,5.0,2.4571733474731445,2.5428266525268555,2.5428266525268555,101
306,36,3341,24,6,0,5.0,2.4571733474731445,2.5428266525268555,2.5428266525268555,101
307,71,6605,26,6,2,-0.765625,1.7598117589950562,-2.5254368782043457,2.5254368782043457,118
308,99,9841,55,13,3,6.15625,3.6342718601226807,2.5219781398773193,2.5219781398773193,30
309,64,6113,26,6,2,-1.046875,1.4718811511993408,-2.518756151199341,2.518756151199341,101
310,96,9171,66,16,2,-3.53125,-1.0132607221603394,-2.517989158630371,2.517989158630371,12
311,48,4344,20,5,0,-0.96484375,1.5519205331802368,-2.5167641639709473,2.5167641639709473,82
312,19,1986,1,0,1,-1.9296875,0.5844319462776184,-2.5141193866729736,2.5141193866729736,86
313,62,6010,20,5,0,-0.9453125,1.5519205331802368,-2.4972329139709473,2.4972329139709473,82
314,48,4344,1,0,1,-1.90625,0.5844319462776184,-2.4906818866729736,2.4906818866729736,86
315,15,1654,25,6,1,2.15625,-0.33161064982414246,2.487860679626465,2.487860679626465,101
316,9,912,5,1,1,1.84375,-0.6382919549942017,2.482041835784912,2.482041835784912,58
317,4,267,3,0,3,3.78125,1.3017035722732544,2.479546546936035,2.479546546936035,86
318,60,5817,1,0,1,-1.890625,0.5844319462776184,-2.4750568866729736,2.4750568866729736,86
319,5,383,2,0,2,-2.640625,-0.1774359792470932,-2.463189125061035,2.463189125061035,86
320,76,6903,66,16,2,-3.53125,-1.0736042261123657,-2.457645893096924,2.457645893096924,89
321,55,5307,66,16,2,-3.140625,-0.6844854354858398,-2.45613956451416,2.45613956451416,79
322,41,3777,24,6,0,3.859375,1.4034218788146973,2.4559531211853027,2.4559531211853027,124
323,65,6174,1,0,1,-1.8671875,0.5844319462776184,-2.4516193866729736,2.4516193866729736,86
324,19,1986,17,4,1,-2.546875,-0.11202064156532288,-2.43485426902771,2.43485426902771,43
325,63,6106,20,5,0,-0.87890625,1.5519205331802368,-2.4308266639709473,2.4308266639709473,82
326,66,6303,66,16,2,-3.203125,-0.772463858127594,-2.430661201477051,2.430661201477051,64
327,48,4344,26,6,2,-0.94921875,1.4718811511993408,-2.421099901199341,2.421099901199341,101
328,42,3819,17,4,1,-1.828125,0.5928698778152466,-2.420994758605957,2.420994758605957,124
329,22,2163,20,5,0,-0.86328125,1.5519205331802368,-2.4152016639709473,2.4152016639709473,82
330,82,7542,66,16,2,-3.375,-0.9661680459976196,-2.40883207321167,2.40883207321167,93
331,8,867,20,5,0,-0.8515625,1.5519205331802368,-2.4034829139709473,2.4034829139709473,82
332,46,4150,59,14,3,0.244140625,-2.1573808193206787,2.4015214443206787,2.4015214443206787,95
333,7,717,23,5,3,4.6875,2.287625789642334,2.399874210357666,2.399874210357666,82
334,36,3341,59,14,3,0.2412109375,-2.1573808193206787,2.3985917568206787,2.3985917568206787,95
335,84,7920,26,6,2,-0.92578125,1.4718811511993408,-2.397662401199341,2.397662401199341,101
336,74,6771,20,5,0,-0.84375,1.5519205331802368,-2.3956704139709473,2.3956704139709473,82
337,9,912,17,4,1,-1.796875,0.5928698778152466,-2.389744758605957,2.389744758605957,124
338,17,1871,1,0,1,-1.8046875,0.5844319462776184,-2.3891193866729736,2.3891193866729736,86
339,57,5387,20,5,0,-0.8359375,1.5519205331802368,-2.3878579139709473,2.3878579139709473,82
340,3,181,66,16,2,-3.34375,-0.9661680459976196,-2.37758207321167,2.37758207321167,93
341,70,6493,59,14,3,0.216796875,-2.1573808193206787,2.3741776943206787,2.3741776943206787,95
342,3,181,5,1,1,3.9375,1.5640254020690918,2.373474597930908,2.373474597930908,103
343,94,8889,26,6,2,-0.89453125,1.4718811511993408,-2.366412401199341,2.366412401199341,101
344,66,6303,1,0,1,-1.78125,0.5844319462776184,-2.3656818866729736,2.3656818866729736,86
345,74,6771,59,14,3,0.2021484375,-2.1573808193206787,2.3595292568206787,2.3595292568206787,95
346,29,2579,5,1,1,3.953125,1.5938974618911743,2.3592276573181152,2.3592276573181152,47
347,24,2388,20,5,0,-0.80078125,1.5519205331802368,-2.3527016639709473,2.3527016639709473,82
348,60,5817,59,14,3,0.1923828125,-2.1573808193206787,2.3497636318206787,2.3497636318206787,95
349,26,2516,20,5,0,-0.796875,1.5519205331802368,-2.3487954139709473,2.3487954139709473,82
350,96,9171,47,11,3,1.2109375,-1.1335363388061523,2.3444738388061523,2.3444738388061523,37
351,33,3179,1,0,1,-1.75,0.5844319462776184,-2.3344318866729736,2.3344318866729736,86
352,70,6493,1,0,1,-1.75,0.5844319462776184,-2.3344318866729736,2.3344318866729736,86
353,56,5336,66,16,2,-3.015625,-0.6844854354858398,-2.33113956451416,2.33113956451416,79
354,34,3217,17,4,1,-1.734375,0.5928698778152466,-2.327244758605957,2.327244758605957,124
355,63,6106,1,0,1,-1.7421875,0.5844319462776184,-2.3266193866729736,2.3266193866729736,86
356,6,587,1,0,1,-1.7421875,0.5844319462776184,-2.3266193866729736,2.3266193866729736,86
357,20,2026,25,6,1,-2.78125,-0.46729156374931335,-2.3139584064483643,2.3139584064483643,105
358,79,7027,59,14,3,0.1552734375,-2.1573808193206787,2.3126542568206787,2.3126542568206787,95
359,78,6934,1,0,1,-1.7265625,0.5844319462776184,-2.3109943866729736,2.3109943866729736,86
360,25,2454,52,13,0,0.765625,-1.5451741218566895,2.3107991218566895,2.3107991218566895,30
361,10,1013,24,6,0,4.0625,1.759203314781189,2.3032965660095215,2.3032965660095215,105
362,45,4135,26,6,2,-0.828125,1.4718811511993408,-2.300006151199341,2.300006151199341,101
363,44,3895,22,5,2,1.078125,-1.219596266746521,2.2977213859558105,2.2977213859558105,82
364,59,5756,59,14,3,0.1396484375,-2.1573808193206787,2.2970292568206787,2.2970292568206787,95
365,38,3689,5,1,1,3.859375,1.5640254020690918,2.295349597930908,2.295349597930908,103
366,13,1462,24,6,0,3.6875,1.4034218788146973,2.2840781211853027,2.2840781211853027,124
367,0,143,66,16,2,-3.296875,-1.0132607221603394,-2.283614158630371,2.283614158630371,12
368,46,4150,21,5,1,-0.90625,-3.1875,2.28125,2.28125,89
369,80,7097,1,0,1,-1.6953125,0.5844319462776184,-2.2797443866729736,2.2797443866729736,86
370,65,6174,26,6,2,-0.8046875,1.4718811511993408,-2.276568651199341,2.276568651199341,101
371,40,3767,24,6,0,4.03125,1.759203314781189,2.2720465660095215,2.2720465660095215,105
372,19,1986,25,6,1,-3.0625,-0.7908403873443604,-2.2716596126556396,2.2716596126556396,107
373,68,6402,66,16,2,-2.953125,-0.6842640042304993,-2.2688610553741455,2.2688610553741455,67
374,18,1976,66,16,2,-3.234375,-0.9661680459976196,-2.26820707321167,2.26820707321167,93
375,3,181,4,1,0,-0.0003604888916015625,-2.2614905834198,2.2611300945281982,2.2611300945281982,103
376,41,3777,4,1,0,-0.000484466552734375,-2.2614905834198,2.2610061168670654,2.2610061168670654,103
377,39,3698,4,1,0,-0.000522613525390625,-2.2614905834198,2.260967969894409,2.260967969894409,103
378,38,3689,4,1,0,-0.000579833984375,-2.2614905834198,2.260910749435425,2.260910749435425,103
379,68,6402,4,1,0,-0.0007476806640625,-2.2614905834198,2.2607429027557373,2.2607429027557373,103
380,58,5453,21,5,1,0.8515625,-1.4029879570007324,2.2545504570007324,2.2545504570007324,58
381,21,2048,17,4,1,-1.65625,0.5928698778152466,-2.249119758605957,2.249119758605957,124
382,68,6402,5,1,1,3.8125,1.5640254020690918,2.248474597930908,2.248474597930908,103
383,19,1986,20,5,0,-0.6953125,1.5519205331802368,-2.2472329139709473,2.2472329139709473,82
384,91,8762,1,0,1,-1.65625,0.5844319462776184,-2.2406818866729736,2.2406818866729736,86
385,99,9841,3,0,3,-0.9375,1.3017035722732544,-2.239203453063965,2.239203453063965,86
386,30,2841,52,13,0,0.6875,-1.5451741218566895,2.2326741218566895,2.2326741218566895,30
387,51,4754,1,0,1,-1.640625,0.5844319462776184,-2.2250568866729736,2.2250568866729736,86
388,34,3217,1,0,1,-1.6328125,0.5844319462776184,-2.2172443866729736,2.2172443866729736,86
389,88,8338,1,0,1,-1.6171875,0.5844319462776184,-2.2016193866729736,2.2016193866729736,86
390,88,8338,3,0,3,-0.890625,1.3017035722732544,-2.192328453063965,2.192328453063965,86
391,3,181,26,6,2,-2.484375,-0.29567116498947144,-2.188703775405884,2.188703775405884,105
392,29,2579,1,0,1,-1.6015625,0.5844319462776184,-2.1859943866729736,2.1859943866729736,86
393,34,3217,26,6,2,-0.70703125,1.4718811511993408,-2.178912401199341,2.178912401199341,101
394,4,267,1,0,1,-1.59375,0.5844319462776184,-2.1781818866729736,2.1781818866729736,86
395,80,7097,66,16,2,-3.140625,-0.9661680459976196,-2.17445707321167,2.17445707321167,93
396,64,6113,22,5,2,0.94140625,-1.219596266746521,2.1610026359558105,2.1610026359558105,82
397,30,2841,26,6,2,-0.6875,1.4718811511993408,-2.159381151199341,2.159381151199341,101
398,37,3343,21,5,1,-1.0390625,-3.1875,2.1484375,2.1484375,89
399,30,2841,25,6,1,1.8125,-0.33161064982414246,2.144110679626465,2.144110679626465,101
400,49,4380,20,5,0,-0.5859375,1.5519205331802368,-2.1378579139709473,2.1378579139709473,82
401,23,2282,52,13,0,0.58984375,-1.5451741218566895,2.1350178718566895,2.1350178718566895,30
402,69,6414,59,14,3,-0.0279541015625,-2.1573808193206787,2.1294267177581787,2.1294267177581787,95
403,98,9764,66,16,2,-3.09375,-0.9661680459976196,-2.12758207321167,2.12758207321167,93
404,19,1986,16,4,0,-0.78125,-2.904026508331299,2.122776508331299,2.122776508331299,43
405,75,6864,1,0,1,-1.53125,0.5844319462776184,-2.1156818866729736,2.1156818866729736,86
406,26,2516,59,14,3,-0.049560546875,-2.1573808193206787,2.1078202724456787,2.1078202724456787,95
407,52,5051,59,14,3,-0.0498046875,-2.1573808193206787,2.1075761318206787,2.1075761318206787,95
408,58,5453,66,16,2,-2.78125,-0.6844854354858398,-2.09676456451416,2.09676456451416,79
409,39,3698,3,0,3,-0.79296875,1.3017035722732544,-2.094672203063965,2.094672203063965,86
410,21,2048,20,5,0,-0.53515625,1.5519205331802368,-2.0870766639709473,2.0870766639709473,82
411,9,912,47,11,3,0.953125,-1.1335363388061523,2.0866613388061523,2.0866613388061523,37
412,53,5186,59,14,3,-0.07177734375,-2.1573808193206787,2.0856034755706787,2.0856034755706787,95
413,88,8338,59,14,3,-0.0771484375,-2.1573808193206787,2.0802323818206787,2.0802323818206787,95
414,18,1976,26,6,2,-0.60546875,1.4718811511993408,-2.077349901199341,2.077349901199341,101
415,16,1721,3,0,3,-0.7734375,1.3017035722732544,-2.075140953063965,2.075140953063965,86
416,14,1599,25,6,1,-2.40625,-0.33161064982414246,-2.074639320373535,2.074639320373535,101
417,78,6934,26,6,2,-0.59765625,1.4718811511993408,-2.069537401199341,2.069537401199341,101
418,43,3841,17,4,1,-1.4765625,0.5928698778152466,-2.069432258605957,2.069432258605957,124
419,71,6605,1,0,1,-1.484375,0.5844319462776184,-2.0688068866729736,2.0688068866729736,86
420,43,3841,1,0,1,-1.484375,0.5844319462776184,-2.0688068866729736,2.0688068866729736,86
421,43,3841,22,5,2,0.84765625,-1.219596266746521,2.0672526359558105,2.0672526359558105,82
422,7,717,24,6,0,3.46875,1.4034218788146973,2.0653281211853027,2.0653281211853027,124
423,48,4344,66,16,2,-3.03125,-0.9661680459976196,-2.06508207321167,2.06508207321167,93
424,2,159,5,1,1,2.6875,0.6225337386131287,2.0649662017822266,2.0649662017822266,15
425,14,1599,52,13,0,0.51953125,-1.5451741218566895,2.0647053718566895,2.0647053718566895,30
426,23,2282,23,5,3,1.671875,-0.3923456072807312,2.064220666885376,2.064220666885376,126
427,49,4380,54,13,2,1.2265625,3.285937547683716,-2.059375047683716,2.059375047683716,113
428,55,5307,21,5,1,0.65625,-1.4029879570007324,2.0592379570007324,2.0592379570007324,58
429,6,587,23,5,3,4.34375,2.287625789642334,2.056124210357666,2.056124210357666,82
430,64,6113,59,14,3,-0.103515625,-2.1573808193206787,2.0538651943206787,2.0538651943206787,95
431,12,1434,3,0,3,-0.75,1.3017035722732544,-2.051703453063965,2.051703453063965,86
432,27,2519,59,14,3,-0.1103515625,-2.1573808193206787,2.0470292568206787,2.0470292568206787,95
433,16,1721,1,0,1,-1.4609375,0.5844319462776184,-2.0453693866729736,2.0453693866729736,86
434,61,5897,19,4,3,0.201171875,2.2438507080078125,-2.0426788330078125,2.0426788330078125,124
435,86,8214,3,0,3,3.34375,1.3017035722732544,2.042046546936035,2.042046546936035,86
436,20,2026,19,4,3,0.2041015625,2.2438507080078125,-2.0397491455078125,2.0397491455078125,124
437,20,2026,35,8,3,-0.142578125,-2.1756417751312256,2.0330636501312256,2.0330636501312256,106
438,65,6174,20,5,0,-1.3984375,0.631747305393219,-2.030184745788574,2.030184745788574,126
439,41,3777,5,1,1,3.59375,1.5640254020690918,2.029724597930908,2.029724597930908,103
440,87,8238,54,13,2,1.0625,3.0921874046325684,-2.0296874046325684,2.0296874046325684,51
441,42,3819,59,14,3,-0.1357421875,-2.1573808193206787,2.0216386318206787,2.0216386318206787,95
442,42,3819,22,5,2,0.80078125,-1.219596266746521,2.0203776359558105,2.0203776359558105,82
443,73,6642,59,14,3,-0.1416015625,-2.1573808193206787,2.0157792568206787,2.0157792568206787,95
444,96,9171,45,11,1,-0.9140625,1.099058985710144,-2.0131216049194336,2.0131216049194336,37
445,69,6414,21,5,1,-1.1796875,-3.1875,2.0078125,2.0078125,89
446,55,5307,59,14,3,-0.1513671875,-2.1573808193206787,2.0060136318206787,2.0060136318206787,95
447,2,159,3,0,3,3.296875,1.3017035722732544,1.9951714277267456,1.9951714277267456,86
448,28,2550,5,1,1,3.078125,1.0863683223724365,1.9917566776275635,1.9917566776275635,100
449,28,2550,24,6,0,3.75,1.759203314781189,1.990796685218811,1.990796685218811,105
450,13,1462,55,13,3,5.625,3.6342718601226807,1.9907281398773193,1.9907281398773193,30
451,72,6630,1,0,1,-1.40625,0.5844319462776184,-1.9906818866729736,1.9906818866729736,86
452,45,4135,66,16,2,-2.953125,-0.9661680459976196,-1.9869569540023804,1.9869569540023804,93
453,37,3343,19,4,3,-0.306640625,-2.292888641357422,1.9862480163574219,1.9862480163574219,111
454,0,143,20,5,0,-0.4296875,1.5519205331802368,-1.9816080331802368,1.9816080331802368,82
455,29,2579,59,14,3,-0.1796875,-2.1573808193206787,1.9776933193206787,1.9776933193206787,95
456,70,6493,22,5,2,-1.5625,-3.5396430492401123,1.9771430492401123,1.9771430492401123,58
457,32,3113,19,4,3,0.2734375,2.2438507080078125,-1.9704132080078125,1.9704132080078125,124
458,1,149,17,4,1,-1.375,0.5928698778152466,-1.9678698778152466,1.9678698778152466,124
459,70,6493,26,6,2,-0.490234375,1.4718811511993408,-1.9621155261993408,1.9621155261993408,101
460,3,181,17,4,1,-1.3671875,0.5928698778152466,-1.9600573778152466,1.9600573778152466,124
461,60,5817,66,16,2,-2.640625,-0.6842640042304993,-1.9563610553741455,1.9563610553741455,67
462,97,9378,24,6,0,4.40625,2.4571733474731445,1.9490766525268555,1.9490766525268555,101
463,1,149,5,1,1,3.03125,1.0863683223724365,1.9448816776275635,1.9448816776275635,100
464,47,4265,59,14,3,-0.216796875,-2.1573808193206787,1.9405839443206787,1.9405839443206787,95
465,54,5259,59,14,3,-0.2216796875,-2.1573808193206787,1.9357011318206787,1.9357011318206787,95
466,54,5259,1,0,1,-1.34375,0.5844319462776184,-1.9281818866729736,1.9281818866729736,86
467,89,8507,47,11,3,0.79296875,-1.1335363388061523,1.9265050888061523,1.9265050888061523,37
468,6,587,24,6,0,2.53125,0.6102110147476196,1.9210389852523804,1.9210389852523804,107
469,41,3777,25,6,1,-1.7109375,0.20990674197673798,-1.9208441972732544,1.9208441972732544,124
470,99,9841,26,6,2,-0.443359375,1.4718811511993408,-1.9152405261993408,1.9152405261993408,101
471,67,6359,5,1,1,3.0,1.0863683223724365,1.9136316776275635,1.9136316776275635,100
472,20,2026,20,5,0,-1.28125,0.631747305393219,-1.9129972457885742,1.9129972457885742,126
473,42,3819,20,5,0,-0.35546875,1.5519205331802368,-1.9073892831802368,1.9073892831802368,82
474,27,2519,52,13,0,0.357421875,-1.5451741218566895,1.9025959968566895,1.9025959968566895,30
475,93,8837,20,5,0,-0.349609375,1.5519205331802368,-1.9015299081802368,1.9015299081802368,82
476,47,4265,57,14,1,0.478515625,-1.4203373193740845,1.8988529443740845,1.8988529443740845,95
477,21,2048,55,13,3,3.046875,1.148675560951233,1.898199439048767,1.898199439048767,115
478,43,3841,55,13,3,5.53125,3.6342718601226807,1.8969781398773193,1.8969781398773193,30
479,82,7542,27,6,3,-0.423828125,-2.3183438777923584,1.8945157527923584,1.8945157527923584,118
480,43,3841,57,14,1,0.46875,-1.4203373193740845,1.8890873193740845,1.8890873193740845,95
481,65,6174,25,6,1,-2.21875,-0.33161064982414246,-1.8871393203735352,1.8871393203735352,101
482,21,2048,24,6,0,4.34375,2.4571733474731445,1.8865766525268555,1.8865766525268555,101
483,75,6864,26,6,2,-0.4140625,1.4718811511993408,-1.8859436511993408,1.8859436511993408,101
484,13,1462,47,11,3,-0.169921875,-2.0548171997070312,1.8848953247070312,1.8848953247070312,119
485,34,3217,22,5,2,0.376953125,2.2574126720428467,-1.8804595470428467,1.8804595470428467,14
486,75,6864,66,16,2,-2.84375,-0.9661680459976196,-1.8775819540023804,1.8775819540023804,93
487,65,6174,19,4,3,0.3671875,2.2438507080078125,-1.8766632080078125,1.8766632080078125,124
488,43,3841,20,5,0,-0.32421875,1.5519205331802368,-1.8761392831802368,1.8761392831802368,82
489,54,5259,20,5,0,-1.546875,0.32900917530059814,-1.8758841753005981,1.8758841753005981,58
490,98,9764,59,14,3,-0.287109375,-2.1573808193206787,1.8702714443206787,1.8702714443206787,95
491,11,1370,55,13,3,5.5,3.6342718601226807,1.8657281398773193,1.8657281398773193,30
492,15,1654,52,13,0,-0.65625,-2.52156925201416,1.8653192520141602,1.8653192520141602,113
493,80,7097,20,5,0,-0.3125,1.5519205331802368,-1.8644205331802368,1.8644205331802368,82
494,22,2163,52,13,0,0.31640625,-1.5451741218566895,1.8615803718566895,1.8615803718566895,30
495,62,6010,35,8,3,0.1552734375,-1.7035616636276245,1.8588351011276245,1.8588351011276245,78
496,79,7027,47,11,3,0.72265625,-1.1335363388061523,1.8561925888061523,1.8561925888061523,37
497,18,1976,20,5,0,-0.30078125,1.5519205331802368,-1.8527017831802368,1.8527017831802368,82
498,89,8507,32,8,0,-0.10302734375,-1.955368995666504,1.852341651916504,1.852341651916504,34
499,99,9841,20,5,0,-1.21875,0.631747305393219,-1.8504972457885742,1.8504972457885742,126
500,26,2516,24,6,0,3.609375,1.759203314781189,1.850171685218811,1.850171685218811,105
501,89,8507,66,16,2,-2.859375,-1.0132607221603394,-1.8461142778396606,1.8461142778396606,12
502,10,1013,25,6,1,-2.3125,-0.46729156374931335,-1.8452084064483643,1.8452084064483643,105
503,2,159,20,5,0,-0.291015625,1.5519205331802368,-1.8429361581802368,1.8429361581802368,82
504,28,2550,59,14,3,-0.314453125,-2.1573808193206787,1.8429276943206787,1.8429276943206787,95
505,36,3341,19,4,3,0.40234375,2.2438507080078125,-1.8415069580078125,1.8415069580078125,124
506,57,5387,3,0,3,-0.5390625,1.3017035722732544,-1.8407660722732544,1.8407660722732544,86
507,24,2388,19,4,3,0.40625,2.2438507080078125,-1.8376007080078125,1.8376007080078125,124
508,96,9171,24,6,0,3.59375,1.759203314781189,1.834546685218811,1.834546685218811,105
509,13,1462,26,6,2,-2.859375,-1.038713812828064,-1.820661187171936,1.820661187171936,124
510,74,6771,1,0,1,-1.234375,0.5844319462776184,-1.8188068866729736,1.8188068866729736,86
511,12,1434,54,13,2,1.2734375,3.0921874046325684,-1.8187499046325684,1.8187499046325684,51
512,20,2026,64,16,0,-1.140625,0.6762609481811523,-1.8168859481811523,1.8168859481811523,12
513,16,1721,59,14,3,-0.341796875,-2.1573808193206787,1.8155839443206787,1.8155839443206787,95
514,56,5336,22,5,2,-1.7265625,-3.5396430492401123,1.8130805492401123,1.8130805492401123,58
515,79,7027,20,5,0,-0.259765625,1.5519205331802368,-1.8116861581802368,1.8116861581802368,82
516,43,3841,59,14,3,-0.357421875,-2.1573808193206787,1.7999589443206787,1.7999589443206787,95
517,55,5307,117,29,1,-3.09375,-1.2970821857452393,-1.7966678142547607,1.7966678142547607,44
518,11,1370,3,0,3,-0.494140625,1.3017035722732544,-1.7958441972732544,1.7958441972732544,86
519,98,9764,1,0,1,-1.2109375,0.5844319462776184,-1.7953693866729736,1.7953693866729736,86
520,21,2048,25,6,1,-2.125,-0.33161064982414246,-1.7933893203735352,1.7933893203735352,101
521,18,1976,59,14,3,-0.365234375,-2.1573808193206787,1.7921464443206787,1.7921464443206787,95
522,0,143,19,4,3,0.455078125,2.2438507080078125,-1.7887725830078125,1.7887725830078125,124
523,52,5051,25,6,1,-2.234375,-0.45091691613197327,-1.7834581136703491,1.7834581136703491,85
524,75,6864,59,14,3,-0.375,-2.1573808193206787,1.7823808193206787,1.7823808193206787,95
525,89,8507,53,13,1,0.6171875,-1.1647276878356934,1.7819151878356934,1.7819151878356934,30
526,5,383,116,29,0,-0.376953125,1.3997851610183716,-1.7767382860183716,1.7767382860183716,76
527,30,2841,23,5,3,4.0625,2.287625789642334,1.774874210357666,1.774874210357666,82
528,41,3777,3,0,3,-0.47265625,1.3017035722732544,-1.7743598222732544,1.7743598222732544,86
529,78,6934,22,5,2,0.5546875,-1.219596266746521,1.774283766746521,1.774283766746521,82
530,49,4380,1,0,1,-1.1875,0.5844319462776184,-1.7719318866729736,1.7719318866729736,86
531,94,8889,20,5,0,-0.21875,1.5519205331802368,-1.7706705331802368,1.7706705331802368,82
532,17,1871,17,4,1,-1.171875,0.5928698778152466,-1.7647448778152466,1.7647448778152466,124
533,15,1654,54,13,2,1.5234375,3.285937547683716,-1.7625000476837158,1.7625000476837158,113
534,94,8889,45,11,1,-0.66015625,1.099058985710144,-1.759215235710144,1.759215235710144,37
535,1,149,26,6,2,-0.287109375,1.4718811511993408,-1.7589905261993408,1.7589905261993408,101
536,25,2454,20,5,0,-0.20703125,1.5519205331802368,-1.7589517831802368,1.7589517831802368,82
537,1,149,20,5,0,-0.205078125,1.5519205331802368,-1.7569986581802368,1.7569986581802368,82
538,50,4618,17,4,1,-1.1640625,0.5928698778152466,-1.7569323778152466,1.7569323778152466,124
539,82,7542,59,14,3,-0.404296875,-2.1573808193206787,1.7530839443206787,1.7530839443206787,95
540,93,8837,66,16,2,-2.71875,-0.9661680459976196,-1.7525819540023804,1.7525819540023804,93
541,95,9149,23,5,3,1.359375,-0.3923456072807312,1.751720666885376,1.751720666885376,126
542,92,8820,20,5,0,-0.19921875,1.5519205331802368,-1.7511392831802368,1.7511392831802368,82
543,90,8510,34,8,2,-1.125,0.6244300007820129,-1.7494299411773682,1.7494299411773682,76
544,40,3767,27,6,3,0.1787109375,-1.570608377456665,1.749319314956665,1.749319314956665,105
545,67,6359,59,14,3,-0.408203125,-2.1573808193206787,1.7491776943206787,1.7491776943206787,95
546,20,2026,17,4,1,-1.15625,0.5928698778152466,-1.7491198778152466,1.7491198778152466,124
547,89,8507,19,4,3,-0.546875,-2.292888641357422,1.7460136413574219,1.7460136413574219,111
548,18,1976,19,4,3,0.5,2.2438507080078125,-1.7438507080078125,1.7438507080078125,124
549,60,5817,21,5,1,-1.4453125,-3.1875,1.7421875,1.7421875,89
550,29,2579,55,13,3,2.890625,1.148675560951233,1.741949439048767,1.741949439048767,115
551,56,5336,55,13,3,5.375,3.6342718601226807,1.7407281398773193,1.7407281398773193,30
552,11,1370,52,13,0,0.1953125,-1.5451741218566895,1.7404866218566895,1.7404866218566895,30
553,12,1434,21,5,1,-0.5078125,1.2301476001739502,-1.7379601001739502,1.7379601001739502,126
554,99,9841,66,16,2,-2.703125,-0.9661680459976196,-1.7369569540023804,1.7369569540023804,93
555,25,2454,26,6,2,-0.263671875,1.4718811511993408,-1.7355530261993408,1.7355530261993408,101
556,41,3777,47,11,3,0.6015625,-1.1335363388061523,1.7350988388061523,1.7350988388061523,37
557,18,1976,25,6,1,1.3984375,-0.33161064982414246,1.7300481796264648,1.7300481796264648,101
558,36,3341,3,0,3,3.03125,1.3017035722732544,1.7295464277267456,1.7295464277267456,86
559,12,1434,35,8,3,-0.1640625,1.5591862201690674,-1.7232487201690674,1.7232487201690674,31
560,17,1871,24,6,0,2.65625,0.9357930421829224,1.7204569578170776,1.7204569578170776,38
561,89,8507,7,1,3,-0.21484375,1.5001842975616455,-1.7150280475616455,1.7150280475616455,47
562,69,6414,20,5,0,-1.671875,0.04043680056929588,-1.7123117446899414,1.7123117446899414,89
563,76,6903,59,14,3,-0.44921875,-2.1573808193206787,1.7081620693206787,1.7081620693206787,95
564,90,8510,17,4,1,0.10888671875,1.8137179613113403,-1.7048312425613403,1.7048312425613403,45
565,10,1013,20,5,0,-0.15234375,1.5519205331802368,-1.7042642831802368,1.7042642831802368,82
566,36,3341,20,5,0,-0.1494140625,1.5519205331802368,-1.7013345956802368,1.7013345956802368,82
567,19,1986,35,8,3,-0.0040283203125,-1.7035616636276245,1.6995333433151245,1.6995333433151245,78
568,47,4265,54,13,2,-1.3203125,0.3788747489452362,-1.6991872787475586,1.6991872787475586,121
569,24,2388,59,14,3,-0.4609375,-2.1573808193206787,1.6964433193206787,1.6964433193206787,95
570,81,7254,20,5,0,-0.142578125,1.5519205331802368,-1.6944986581802368,1.6944986581802368,82
571,29,2579,57,14,1,0.26953125,-1.4203373193740845,1.6898685693740845,1.6898685693740845,95
572,73,6642,20,5,0,-0.13671875,1.5519205331802368,-1.6886392831802368,1.6886392831802368,82
573,35,3286,19,4,3,0.55859375,2.2438507080078125,-1.6852569580078125,1.6852569580078125,124
574,79,7027,18,4,2,-1.375,0.30973848700523376,-1.6847385168075562,1.6847385168075562,124
575,49,4380,22,5,2,0.46484375,-1.219596266746521,1.684440016746521,1.684440016746521,82
576,62,6010,25,6,1,-2.015625,-0.33161064982414246,-1.6840143203735352,1.6840143203735352,101
577,67,6359,3,0,3,-0.375,1.3017035722732544,-1.6767035722732544,1.6767035722732544,86
578,13,1462,53,13,1,0.51171875,-1.1647276878356934,1.6764464378356934,1.6764464378356934,30
579,71,6605,23,5,3,1.28125,-0.3923456072807312,1.673595666885376,1.673595666885376,126
580,40,3767,33,8,1,1.265625,-0.4059147238731384,1.6715397834777832,1.6715397834777832,31
581,62,6010,59,14,3,-0.486328125,-2.1573808193206787,1.6710526943206787,1.6710526943206787,95
582,21,2048,19,4,3,0.57421875,2.2438507080078125,-1.6696319580078125,1.6696319580078125,124
583,22,2163,24,6,0,4.125,2.4571733474731445,1.6678266525268555,1.6678266525268555,101
584,46,4150,26,6,2,-0.1953125,1.4718811511993408,-1.6671936511993408,1.6671936511993408,101
585,61,5897,3,0,3,2.96875,1.3017035722732544,1.6670464277267456,1.6670464277267456,86
586,54,5259,3,0,3,-0.365234375,1.3017035722732544,-1.6669379472732544,1.6669379472732544,86
587,28,2550,1,0,1,-1.078125,0.5844319462776184,-1.6625568866729736,1.6625568866729736,86
588,42,3819,55,13,3,3.578125,1.9168561697006226,1.6612688302993774,1.6612688302993774,42
589,38,3689,3,0,3,-0.35546875,1.3017035722732544,-1.6571723222732544,1.6571723222732544,86
590,53,5186,117,29,1,-2.953125,-1.2970821857452393,-1.6560428142547607,1.6560428142547607,44
591,2,159,19,4,3,0.58984375,2.2438507080078125,-1.6540069580078125,1.6540069580078125,124
592,79,7027,23,5,3,3.9375,2.287625789642334,1.649874210357666,1.649874210357666,82
593,6,587,22,5,2,0.4296875,-1.219596266746521,1.649283766746521,1.649283766746521,82
594,12,1434,1,0,1,-1.0625,0.5844319462776184,-1.6469318866729736,1.6469318866729736,86
595,83,7599,19,4,3,0.59765625,2.2438507080078125,-1.6461944580078125,1.6461944580078125,124
596,81,7254,32,8,0,-0.310546875,-1.955368995666504,1.644822120666504,1.644822120666504,34
597,43,3841,52,13,0,0.099609375,-1.5451741218566895,1.6447834968566895,1.6447834968566895,30
598,86,8214,7,1,3,-0.14453125,1.5001842975616455,-1.6447155475616455,1.6447155475616455,47
599,27,2519,20,5,0,-0.0908203125,1.5519205331802368,-1.6427408456802368,1.6427408456802368,82
600,64,6113,47,11,3,0.50390625,-1.1335363388061523,1.6374425888061523,1.6374425888061523,37
601,4,267,16,4,0,0.291015625,1.92831552028656,-1.63729989528656,1.63729989528656,45
602,94,8889,24,6,0,4.09375,2.4571733474731445,1.6365766525268555,1.6365766525268555,101
603,99,9841,21,5,1,-0.404296875,1.2301476001739502,-1.6344444751739502,1.6344444751739502,126
604,46,4150,34,8,2,-0.546875,1.0790997743606567,-1.6259747743606567,1.6259747743606567,23
605,26,2516,27,6,3,0.049072265625,-1.570608377456665,1.619680643081665,1.619680643081665,105
606,49,4380,32,8,0,-0.173828125,1.4431437253952026,-1.6169718503952026,1.6169718503952026,31
607,75,6864,57,14,1,0.1962890625,-1.4203373193740845,1.6166263818740845,1.6166263818740845,95
608,39,3698,47,11,3,0.482421875,-1.1335363388061523,1.6159582138061523,1.6159582138061523,37
609,0,143,1,0,1,-1.03125,0.5844319462776184,-1.6156818866729736,1.6156818866729736,86
610,4,267,5,1,1,1.359375,-0.25627654790878296,1.6156516075134277,1.6156516075134277,24
611,98,9764,53,13,1,0.51953125,2.1334192752838135,-1.6138880252838135,1.6138880252838135,105
612,39,3698,20,5,0,-0.98046875,0.631747305393219,-1.6122159957885742,1.6122159957885742,126
613,16,1721,26,6,2,-0.138671875,1.4718811511993408,-1.6105530261993408,1.6105530261993408,101
614,12,1434,17,4,1,-1.015625,0.5928698778152466,-1.6084948778152466,1.6084948778152466,124
615,99,9841,18,4,2,-1.296875,0.30973848700523376,-1.6066135168075562,1.6066135168075562,124
616,18,1976,22,5,2,0.384765625,-1.219596266746521,1.604361891746521,1.604361891746521,82
617,4,267,66,16,2,-2.375,-0.772463858127594,-1.6025362014770508,1.6025362014770508,64
618,13,1462,22,5,2,-1.9375,-3.5396430492401123,1.6021430492401123,1.6021430492401123,58
619,39,3698,22,5,2,-2.453125,-0.8521214723587036,-1.6010035276412964,1.6010035276412964,126
620,52,5051,17,4,1,0.212890625,1.8137179613113403,-1.6008273363113403,1.6008273363113403,45
621,64,6113,3,0,3,-0.298828125,1.3017035722732544,-1.6005316972732544,1.6005316972732544,86
622,58,5453,59,14,3,0.0751953125,1.675608515739441,-1.600413203239441,1.600413203239441,113
623,55,5307,1,0,1,-1.015625,0.5844319462776184,-1.6000568866729736,1.6000568866729736,86
624,16,1721,57,14,1,0.1787109375,-1.4203373193740845,1.5990482568740845,1.5990482568740845,95
625,9,912,25,6,1,1.265625,-0.33161064982414246,1.5972356796264648,1.5972356796264648,101
626,11,1370,35,8,3,-0.10791015625,-1.7035616636276245,1.5956515073776245,1.5956515073776245,78
627,9,912,99,24,3,-1.6953125,-0.1002812460064888,-1.5950312614440918,1.5950312614440918,91
628,14,1599,59,14,3,-0.5625,-2.1573808193206787,1.5948808193206787,1.5948808193206787,95
629,35,3286,35,8,3,-0.10888671875,-1.7035616636276245,1.5946749448776245,1.5946749448776245,78
630,76,6903,57,14,1,0.1708984375,-1.4203373193740845,1.5912357568740845,1.5912357568740845,95
631,72,6630,26,6,2,-0.1171875,1.4718811511993408,-1.5890686511993408,1.5890686511993408,101
632,51,4754,5,1,1,2.671875,1.0863683223724365,1.5855066776275635,1.5855066776275635,100
633,63,6106,19,4,3,0.66015625,2.2438507080078125,-1.5836944580078125,1.5836944580078125,124
634,49,4380,26,6,2,-0.10791015625,1.4718811511993408,-1.5797913074493408,1.5797913074493408,101
635,59,5756,32,8,0,-0.09716796875,-1.6763474941253662,1.5791795253753662,1.5791795253753662,24
636,14,1599,57,14,1,0.15625,-1.4203373193740845,1.5765873193740845,1.5765873193740845,95
637,95,9149,54,13,2,1.515625,3.0921874046325684,-1.5765624046325684,1.5765624046325684,51
638,64,6113,35,8,3,-0.12890625,-1.7035616636276245,1.5746554136276245,1.5746554136276245,78
639,50,4618,20,5,0,-0.0223388671875,1.5519205331802368,-1.5742594003677368,1.5742594003677368,82
640,49,4380,45,11,1,0.0869140625,-1.4870961904525757,1.5740102529525757,1.5740102529525757,119
641,30,2841,3,0,3,2.875,1.3017035722732544,1.5732964277267456,1.5732964277267456,86
642,3,181,3,0,3,2.875,1.3017035722732544,1.5732964277267456,1.5732964277267456,86
643,50,4618,1,0,1,-0.98828125,0.5844319462776184,-1.5727131366729736,1.5727131366729736,86
644,70,6493,20,5,0,-1.2421875,0.32900917530059814,-1.5711966753005981,1.5711966753005981,58
645,5,383,53,13,1,0.5625,2.1334192752838135,-1.5709192752838135,1.5709192752838135,105
646,24,2388,55,13,3,2.71875,1.148675560951233,1.570074439048767,1.570074439048767,115
647,62,6010,17,4,1,-0.9765625,0.5928698778152466,-1.5694323778152466,1.5694323778152466,124
648,5,383,17,4,1,-0.9765625,0.5928698778152466,-1.5694323778152466,1.5694323778152466,124
649,13,1462,35,8,3,-0.13671875,-1.7035616636276245,1.5668429136276245,1.5668429136276245,78
650,14,1599,3,0,3,-0.26171875,1.3017035722732544,-1.5634223222732544,1.5634223222732544,86
651,54,5259,22,5,2,-1.9765625,-3.5396430492401123,1.5630805492401123,1.5630805492401123,58
652,9,912,26,6,2,-0.09033203125,1.4718811511993408,-1.5622131824493408,1.5622131824493408,101
653,18,1976,52,13,0,0.01495361328125,-1.5451741218566895,1.5601277351379395,1.5601277351379395,30
654,56,5336,53,13,1,0.39453125,-1.1647276878356934,1.5592589378356934,1.5592589378356934,30
655,88,8338,57,14,1,0.138671875,-1.4203373193740845,1.5590091943740845,1.5590091943740845,95
656,8,867,27,6,3,-0.0125732421875,-1.570608377456665,1.558035135269165,1.558035135269165,105
657,68,6402,58,14,2,-0.921875,0.6360219120979309,-1.5578968524932861,1.5578968524932861,51
658,81,7254,19,4,3,0.6875,2.2438507080078125,-1.5563507080078125,1.5563507080078125,124
659,84,7920,57,14,1,-0.0380859375,1.516834020614624,-1.554919958114624,1.554919958114624,113
660,37,3343,16,4,0,-0.22265625,-1.7748708724975586,1.5522146224975586,1.5522146224975586,111
661,54,5259,57,14,1,0.1259765625,-1.4203373193740845,1.5463138818740845,1.5463138818740845,95
662,82,7542,19,4,3,0.69921875,2.2438507080078125,-1.5446319580078125,1.5446319580078125,124
663,45,4135,32,8,0,-0.10107421875,1.4431437253952026,-1.5442179441452026,1.5442179441452026,31
664,24,2388,7,1,3,-0.0439453125,1.5001842975616455,-1.5441296100616455,1.5441296100616455,47
665,65,6174,21,5,1,-0.3125,1.2301476001739502,-1.5426476001739502,1.5426476001739502,126
666,3,181,2,0,2,-1.71875,-0.1774359792470932,-1.5413140058517456,1.5413140058517456,86
667,2,159,2,0,2,-1.71875,-0.1774359792470932,-1.5413140058517456,1.5413140058517456,86
668,48,4344,32,8,0,-0.09814453125,1.4431437253952026,-1.5412882566452026,1.5412882566452026,31
669,31,3109,27,6,3,-0.02978515625,-1.570608377456665,1.540823221206665,1.540823221206665,105
670,58,5453,23,5,3,2.125,0.5858562588691711,1.5391438007354736,1.5391438007354736,58
671,27,2519,26,6,2,-0.06396484375,1.4718811511993408,-1.5358459949493408,1.5358459949493408,101
672,35,3286,17,4,1,-0.94140625,0.5928698778152466,-1.5342761278152466,1.5342761278152466,124
673,72,6630,20,5,0,0.017822265625,1.5519205331802368,-1.5340982675552368,1.5340982675552368,82
674,39,3698,33,8,1,1.125,-0.4059147238731384,1.5309147834777832,1.5309147834777832,31
675,71,6605,27,6,3,-0.7890625,-2.3183438777923584,1.5292813777923584,1.5292813777923584,118
676,45,4135,59,14,3,0.1474609375,1.675608515739441,-1.528147578239441,1.528147578239441,113
677,52,5051,27,6,3,0.86328125,2.3912363052368164,-1.5279550552368164,1.5279550552368164,85
678,63,6106,32,8,0,-0.427734375,-1.955368995666504,1.527634620666504,1.527634620666504,34
679,81,7254,23,5,3,3.8125,2.287625789642334,1.524874210357666,1.524874210357666,82
680,64,6113,45,11,1,-0.42578125,1.099058985710144,-1.524840235710144,1.524840235710144,37
681,77,6929,47,11,3,-2.65625,-1.1335363388061523,-1.5227136611938477,1.5227136611938477,37
682,20,2026,24,6,0,3.28125,1.759203314781189,1.522046685218811,1.522046685218811,105
683,5,383,32,8,0,0.4375,-1.0821665525436401,1.5196665525436401,1.5196665525436401,76
684,47,4265,30,7,2,0.421875,1.9412087202072144,-1.5193337202072144,1.5193337202072144,84
685,37,3343,17,4,1,-1.0,0.5155776143074036,-1.5155775547027588,1.5155775547027588,111
686,5,383,24,6,0,1.4453125,-0.07020224630832672,1.5155147314071655,1.5155147314071655,0
687,45,4135,17,4,1,-0.921875,0.5928698778152466,-1.5147448778152466,1.5147448778152466,124
688,94,8889,34,8,2,-0.435546875,1.0790997743606567,-1.5146466493606567,1.5146466493606567,23
689,13,1462,3,0,3,-0.212890625,1.3017035722732544,-1.5145941972732544,1.5145941972732544,86
690,12,1434,20,5,0,-0.8828125,0.631747305393219,-1.5145597457885742,1.5145597457885742,126
691,30,2841,19,4,3,0.73046875,2.2438507080078125,-1.5133819580078125,1.5133819580078125,124
692,98,9764,32,8,0,-0.1640625,-1.6763474941253662,1.5122849941253662,1.5122849941253662,24
693,95,9149,45,11,1,-0.412109375,1.099058985710144,-1.511168360710144,1.511168360710144,37
694,41,3777,20,5,0,-0.87890625,0.631747305393219,-1.5106534957885742,1.5106534957885742,126
695,27,2519,21,5,1,1.328125,-0.1793925017118454,1.5075174570083618,1.5075174570083618,82
696,26,2516,5,1,1,2.59375,1.0863683223724365,1.5073816776275635,1.5073816776275635,100
697,12,1434,26,6,2,-0.03515625,1.4718811511993408,-1.5070374011993408,1.5070374011993408,101
698,83,7599,57,14,1,0.01239013671875,1.516834020614624,-1.504443883895874,1.504443883895874,113
699,97,9378,47,11,3,0.369140625,-1.1335363388061523,1.5026769638061523,1.5026769638061523,37
700,26,2516,1,0,1,-0.91796875,0.5844319462776184,-1.5024006366729736,1.5024006366729736,86
701,47,4265,26,6,2,-0.0303955078125,1.4718811511993408,-1.5022766590118408,1.5022766590118408,101
702,47,4265,20,5,0,0.050537109375,1.5519205331802368,-1.5013834238052368,1.5013834238052368,82
703,7,717,59,14,3,0.17578125,1.675608515739441,-1.499827265739441,1.499827265739441,113
704,86,8214,19,4,3,0.74609375,2.2438507080078125,-1.4977569580078125,1.4977569580078125,124
705,69,6414,47,11,3,-0.55859375,-2.0548171997070312,1.4962234497070312,1.4962234497070312,119
706,4,267,20,5,0,0.056396484375,1.5519205331802368,-1.4955240488052368,1.4955240488052368,82
707,0,143,17,4,1,-0.90234375,0.5928698778152466,-1.4952136278152466,1.4952136278152466,124
708,78,6934,35,8,3,-0.208984375,-1.7035616636276245,1.4945772886276245,1.4945772886276245,78
709,70,6493,66,16,2,-2.265625,-0.772463858127594,-1.4931612014770508,1.4931612014770508,64
710,14,1599,20,5,0,-0.859375,0.631747305393219,-1.4911222457885742,1.4911222457885742,126
711,7,717,55,13,3,5.125,3.6342718601226807,1.4907281398773193,1.4907281398773193,30
712,94,8889,59,14,3,0.185546875,1.675608515739441,-1.490061640739441,1.490061640739441,113
713,81,7254,52,13,0,-0.0576171875,-1.5451741218566895,1.4875569343566895,1.4875569343566895,30
714,11,1370,24,6,0,2.421875,0.9357930421829224,1.4860819578170776,1.4860819578170776,38
715,34,3217,19,4,3,0.7578125,2.2438507080078125,-1.4860382080078125,1.4860382080078125,124
716,86,8214,20,5,0,0.60546875,2.091464042663574,-1.4859952926635742,1.4859952926635742,100
717,91,8762,32,8,0,-0.0419921875,1.4431437253952026,-1.4851359128952026,1.4851359128952026,31
718,87,8238,16,4,0,0.443359375,1.92831552028656,-1.48495614528656,1.48495614528656,45
719,99,9841,57,14,1,0.06298828125,-1.4203373193740845,1.4833256006240845,1.4833256006240845,95
720,36,3341,32,8,0,-0.1943359375,-1.6763474941253662,1.4820115566253662,1.4820115566253662,24
721,63,6106,26,6,2,-0.00970458984375,1.4718811511993408,-1.4815857410430908,1.4815857410430908,101
722,72,6630,7,1,3,-1.421875,0.05896390974521637,-1.4808388948440552,1.4808388948440552,100
723,44,3895,26,6,2,-0.0089111328125,1.4718811511993408,-1.4807922840118408,1.4807922840118408,101
724,44,3895,35,8,3,-0.224609375,-1.7035616636276245,1.4789522886276245,1.4789522886276245,78
725,79,7027,32,8,0,-0.032470703125,1.4431437253952026,-1.4756144285202026,1.4756144285202026,31
726,38,3689,1,0,1,-0.890625,0.5844319462776184,-1.4750568866729736,1.4750568866729736,86
727,27,2519,53,13,1,0.30859375,-1.1647276878356934,1.4733214378356934,1.4733214378356934,30
728,56,5336,52,13,0,-0.07373046875,-1.5451741218566895,1.4714436531066895,1.4714436531066895,30
729,27,2519,19,4,3,0.7734375,2.2438507080078125,-1.4704132080078125,1.4704132080078125,124
730,56,5336,20,5,0,-1.140625,0.32900917530059814,-1.4696341753005981,1.4696341753005981,58
731,24,2388,57,14,1,0.047607421875,-1.4203373193740845,1.4679447412490845,1.4679447412490845,95
732,63,6106,22,5,2,0.248046875,-1.219596266746521,1.467643141746521,1.467643141746521,82
733,9,912,7,1,3,-6.0625,-4.596484184265137,-1.4660158157348633,1.4660158157348633,58
734,73,6642,1,0,1,-0.87890625,0.5844319462776184,-1.4633381366729736,1.4633381366729736,86
735,71,6605,32,8,0,-0.0201416015625,1.4431437253952026,-1.4632853269577026,1.4632853269577026,31
736,53,5186,3,0,3,-0.1611328125,1.3017035722732544,-1.4628363847732544,1.4628363847732544,86
737,23,2282,17,4,1,0.3515625,1.8137179613113403,-1.4621554613113403,1.4621554613113403,45
738,32,3113,26,6,2,0.010009765625,1.4718811511993408,-1.4618713855743408,1.4618713855743408,101
739,17,1871,59,14,3,0.04931640625,-1.4119653701782227,1.4612817764282227,1.4612817764282227,93
740,20,2026,59,14,3,0.047119140625,-1.4119653701782227,1.4590845108032227,1.4590845108032227,93
741,94,8889,2,0,2,1.28125,-0.1774359792470932,1.4586859941482544,1.4586859941482544,86
742,51,4754,7,1,3,-1.3984375,0.05896390974521637,-1.4574013948440552,1.4574013948440552,100
743,14,1599,21,5,1,-0.2265625,1.2301476001739502,-1.4567101001739502,1.4567101001739502,126
744,87,8238,66,16,2,-2.421875,-0.9661680459976196,-1.4557069540023804,1.4557069540023804,93
745,89,8507,23,5,3,0.83203125,2.287625789642334,-1.455594539642334,1.455594539642334,82
746,48,4344,59,14,3,0.220703125,1.675608515739441,-1.454905390739441,1.454905390739441,113
747,99,9841,59,14,3,-0.703125,-2.1573808193206787,1.4542558193206787,1.4542558193206787,95
748,5,383,20,5,0,-1.125,0.32900917530059814,-1.4540091753005981,1.4540091753005981,58
749,37,3343,45,11,1,-0.353515625,1.099058985710144,-1.452574610710144,1.452574610710144,37
750,68,6402,3,0,3,-0.1484375,1.3017035722732544,-1.4501410722732544,1.4501410722732544,86
751,25,2454,24,6,0,3.90625,2.4571733474731445,1.4490766525268555,1.4490766525268555,101
752,33,3179,35,8,3,0.326171875,1.774829626083374,-1.448657751083374,1.448657751083374,24
753,25,2454,1,0,1,-0.86328125,0.5844319462776184,-1.4477131366729736,1.4477131366729736,86
754,42,3819,35,8,3,-0.255859375,-1.7035616636276245,1.4477022886276245,1.4477022886276245,78
755,32,3113,95,23,3,0.671875,-0.775337815284729,1.447212815284729,1.447212815284729,29
756,89,8507,16,4,0,-0.328125,-1.7748708724975586,1.4467458724975586,1.4467458724975586,111
757,36,3341,57,14,1,0.023681640625,-1.4203373193740845,1.4440189599990845,1.4440189599990845,95
758,3,181,46,11,2,-1.3046875,0.13775473833084106,-1.4424421787261963,1.4424421787261963,37
759,8,867,17,4,1,-0.84765625,0.5928698778152466,-1.4405261278152466,1.4405261278152466,124
760,47,4265,32,8,0,-0.515625,-1.955368995666504,1.439743995666504,1.439743995666504,34
761,88,8338,23,5,3,1.046875,-0.3923456072807312,1.439220666885376,1.439220666885376,126
762,28,2550,23,5,3,1.046875,-0.3923456072807312,1.439220666885376,1.439220666885376,126
763,59,5756,19,4,3,0.8046875,2.2438507080078125,-1.4391632080078125,1.4391632080078125,124
764,45,4135,22,5,2,0.21875,-1.219596266746521,1.438346266746521,1.438346266746521,82
765,3,181,20,5,0,0.1142578125,1.5519205331802368,-1.4376627206802368,1.4376627206802368,82
766,60,5817,57,14,1,0.0169677734375,-1.4203373193740845,1.4373050928115845,1.4373050928115845,95
767,38,3689,47,11,3,0.302734375,-1.1335363388061523,1.4362707138061523,1.4362707138061523,37
768,37,3343,34,8,2,-0.35546875,1.0790997743606567,-1.4345685243606567,1.4345685243606567,23
769,62,6010,2,0,2,-1.609375,-0.1774359792470932,-1.4319390058517456,1.4319390058517456,86
770,65,6174,2,0,2,-1.609375,-0.1774359792470932,-1.4319390058517456,1.4319390058517456,86
771,22,2163,32,8,0,-0.2451171875,-1.6763474941253662,1.4312303066253662,1.4312303066253662,24
772,32,3113,34,8,2,-0.349609375,1.0790997743606567,-1.4287091493606567,1.4287091493606567,23
773,3,181,16,4,0,1.3203125,-0.10739881545305252,1.4277113676071167,1.4277113676071167,124
774,7,717,34,8,2,-0.80078125,0.6244300007820129,-1.4252111911773682,1.4252111911773682,76
775,38,3689,30,7,2,-2.078125,-0.6530957221984863,-1.4250292778015137,1.4250292778015137,49
776,40,3767,5,1,1,2.046875,0.6225337386131287,1.4243412017822266,1.4243412017822266,15
777,82,7542,26,6,2,0.3359375,1.7598117589950562,-1.4238742589950562,1.4238742589950562,118
778,35,3286,59,14,3,0.251953125,1.675608515739441,-1.423655390739441,1.423655390739441,113
779,6,587,53,13,1,-1.2578125,0.16507604718208313,-1.4228885173797607,1.4228885173797607,51
780,88,8338,32,8,0,0.0213623046875,1.4431437253952026,-1.4217814207077026,1.4217814207077026,31
781,57,5387,117,29,1,-2.71875,-1.2970821857452393,-1.4216678142547607,1.4216678142547607,44
782,54,5259,17,4,1,-0.828125,0.5928698778152466,-1.4209948778152466,1.4209948778152466,124
783,1,149,19,4,3,0.82421875,2.2438507080078125,-1.4196319580078125,1.4196319580078125,124
784,70,6493,3,0,3,-0.1171875,1.3017035722732544,-1.4188910722732544,1.4188910722732544,86
785,1,149,7,1,3,-1.359375,0.05896390974521637,-1.4183388948440552,1.4183388948440552,100
786,93,8837,1,0,1,-0.83203125,0.5844319462776184,-1.4164631366729736,1.4164631366729736,86
787,13,1462,30,7,2,2.90625,1.4907633066177368,1.4154866933822632,1.4154866933822632,72
788,63,6106,59,14,3,-0.7421875,-2.1573808193206787,1.4151933193206787,1.4151933193206787,95
789,34,3217,34,8,2,-0.3359375,1.0790997743606567,-1.4150372743606567,1.4150372743606567,23
790,81,7254,22,5,2,0.1953125,-1.219596266746521,1.414908766746521,1.414908766746521,82
791,74,6771,32,8,0,-0.26171875,-1.6763474941253662,1.4146287441253662,1.4146287441253662,24
792,52,5051,35,8,3,-0.2890625,-1.7035616636276245,1.4144991636276245,1.4144991636276245,78
793,54,5259,23,5,3,2.0,0.5858562588691711,1.4141438007354736,1.4141438007354736,58
794,74,6771,55,13,3,2.5625,1.148675560951233,1.413824439048767,1.413824439048767,115
795,30,2841,21,5,1,1.234375,-0.1793925017118454,1.4137674570083618,1.4137674570083618,82
796,72,6630,5,1,1,2.5,1.0863683223724365,1.4136316776275635,1.4136316776275635,100
797,68,6402,27,6,3,-0.90625,-2.3183438777923584,1.4120938777923584,1.4120938777923584,118
798,79,7027,19,4,3,0.83203125,2.2438507080078125,-1.4118194580078125,1.4118194580078125,124
799,83,7599,3,0,3,-0.10791015625,1.3017035722732544,-1.4096137285232544,1.4096137285232544,86
800,65,6174,23,5,3,1.015625,-0.3923456072807312,1.407970666885376,1.407970666885376,126
801,27,2519,1,0,1,1.9921875,0.5844319462776184,1.4077556133270264,1.4077556133270264,86
802,5,383,52,13,0,0.53515625,-0.8695957064628601,1.4047520160675049,1.4047520160675049,105
803,10,1013,35,8,3,-0.298828125,-1.7035616636276245,1.4047335386276245,1.4047335386276245,78
804,88,8338,5,1,1,2.484375,1.0863683223724365,1.3980066776275635,1.3980066776275635,100
805,93,8837,34,8,2,0.70703125,-0.6893929243087769,1.3964241743087769,1.3964241743087769,31
806,28,2550,57,14,1,-0.024169921875,-1.4203373193740845,1.3961673974990845,1.3961673974990845,95
807,90,8510,20,5,0,0.482421875,1.8781485557556152,-1.3957266807556152,1.3957266807556152,61
808,58,5453,18,4,2,-1.0859375,0.30973848700523376,-1.3956760168075562,1.3956760168075562,124
809,20,2026,27,6,3,-0.17578125,-1.570608377456665,1.394827127456665,1.394827127456665,105
810,63,6106,25,6,1,1.0625,-0.33161064982414246,1.3941106796264648,1.3941106796264648,101
811,33,3179,32,8,0,-0.283203125,-1.6763474941253662,1.3931443691253662,1.3931443691253662,24
812,99,9841,52,13,0,-0.1552734375,-1.5451741218566895,1.3899006843566895,1.3899006843566895,30
813,13,1462,59,14,3,-0.024658203125,-1.4119653701782227,1.3873071670532227,1.3873071670532227,93
814,99,9841,53,13,1,0.2216796875,-1.1647276878356934,1.3864073753356934,1.3864073753356934,30
815,60,5817,32,8,0,0.05712890625,1.4431437253952026,-1.3860148191452026,1.3860148191452026,31
816,76,6903,3,0,3,2.6875,1.3017035722732544,1.3857964277267456,1.3857964277267456,86
817,4,267,59,14,3,0.291015625,1.675608515739441,-1.384592890739441,1.384592890739441,113
818,52,5051,24,6,0,3.234375,1.850441575050354,1.383933424949646,1.383933424949646,85
819,67,6359,34,8,2,-0.3046875,1.0790997743606567,-1.3837872743606567,1.3837872743606567,23
820,40,3767,6,1,2,0.486328125,-0.8973314762115479,1.3836596012115479,1.3836596012115479,15
821,11,1370,22,5,2,-2.15625,-3.5396430492401123,1.3833930492401123,1.3833930492401123,58
822,98,9764,21,5,1,-0.15234375,1.2301476001739502,-1.3824913501739502,1.3824913501739502,126
823,65,6174,17,4,1,-0.7890625,0.5928698778152466,-1.3819323778152466,1.3819323778152466,124
824,33,3179,20,5,0,0.1708984375,1.5519205331802368,-1.3810220956802368,1.3810220956802368,82
825,94,8889,22,5,2,0.1611328125,-1.219596266746521,1.380729079246521,1.380729079246521,82
826,73,6642,57,14,1,-0.0419921875,-1.4203373193740845,1.3783451318740845,1.3783451318740845,95
827,19,1986,3,0,3,-0.0751953125,1.3017035722732544,-1.3768988847732544,1.3768988847732544,86
828,76,6903,32,8,0,0.06640625,1.4431437253952026,-1.3767374753952026,1.3767374753952026,31
829,42,3819,24,6,0,2.3125,0.9357930421829224,1.3767069578170776,1.3767069578170776,38
830,17,1871,47,11,3,0.2431640625,-1.1335363388061523,1.3767004013061523,1.3767004013061523,37
831,40,3767,47,11,3,0.2431640625,-1.1335363388061523,1.3767004013061523,1.3767004013061523,37
832,84,7920,45,11,1,-0.27734375,1.099058985710144,-1.376402735710144,1.376402735710144,37
833,50,4618,35,8,3,-0.328125,-1.7035616636276245,1.3754366636276245,1.3754366636276245,78
834,55,5307,35,8,3,0.400390625,1.774829626083374,-1.374439001083374,1.374439001083374,24
835,59,5756,20,5,0,0.177734375,1.5519205331802368,-1.3741861581802368,1.3741861581802368,82
836,47,4265,22,5,2,0.15234375,-1.219596266746521,1.371940016746521,1.371940016746521,82
837,94,8889,23,5,3,3.65625,2.287625789642334,1.368624210357666,1.368624210357666,82
838,13,1462,33,8,1,-0.185546875,1.1814171075820923,-1.3669639825820923,1.3669639825820923,78
839,17,1871,45,11,1,-0.267578125,1.099058985710144,-1.366637110710144,1.366637110710144,37
840,42,3819,57,14,1,-0.053955078125,-1.4203373193740845,1.3663822412490845,1.3663822412490845,95
841,41,3777,35,8,3,-0.337890625,-1.7035616636276245,1.3656710386276245,1.3656710386276245,78
842,28,2550,32,8,0,0.283203125,-1.0821665525436401,1.3653696775436401,1.3653696775436401,76
843,31,3109,16,4,0,1.2578125,-0.10739881545305252,1.3652113676071167,1.3652113676071167,124
844,46,4150,19,4,3,0.87890625,2.2438507080078125,-1.3649444580078125,1.3649444580078125,124
845,60,5817,22,5,2,-0.8359375,0.5281730890274048,-1.3641105890274048,1.3641105890274048,89
846,78,6934,33,8,1,-0.1826171875,1.1814171075820923,-1.3640342950820923,1.3640342950820923,78
847,22,2163,3,0,3,-0.061279296875,1.3017035722732544,-1.3629828691482544,1.3629828691482544,86
848,53,5186,24,6,0,2.765625,1.4034218788146973,1.3622031211853027,1.3622031211853027,124
849,61,5897,66,16,2,-2.328125,-0.9661680459976196,-1.3619569540023804,1.3619569540023804,93
850,12,1434,64,16,0,-0.306640625,1.054500937461853,-1.361141562461853,1.361141562461853,89
851,41,3777,23,5,3,0.96875,-0.3923456072807312,1.361095666885376,1.361095666885376,126
852,85,8086,19,4,3,0.8828125,2.2438507080078125,-1.3610382080078125,1.3610382080078125,124
853,54,5259,19,4,3,0.8828125,2.2438507080078125,-1.3610382080078125,1.3610382080078125,124
854,17,1871,34,8,2,-0.28125,1.0790997743606567,-1.3603497743606567,1.3603497743606567,23
855,70,6493,58,14,2,-1.515625,-0.15571460127830505,-1.3599103689193726,1.3599103689193726,95
856,0,143,53,13,1,-0.2041015625,-1.5634872913360596,1.3593857288360596,1.3593857288360596,47
857,55,5307,32,8,0,-0.318359375,-1.6763474941253662,1.3579881191253662,1.3579881191253662,24
858,22,2163,57,14,1,-0.06298828125,-1.4203373193740845,1.3573490381240845,1.3573490381240845,95
859,76,6903,20,5,0,0.1962890625,1.5519205331802368,-1.3556314706802368,1.3556314706802368,82
860,82,7542,57,14,1,-0.06494140625,-1.4203373193740845,1.3553959131240845,1.3553959131240845,95
861,82,7542,3,0,3,2.65625,1.3017035722732544,1.3545464277267456,1.3545464277267456,86
862,15,1654,53,13,1,-0.73828125,0.6146160364151001,-1.3528972864151,1.3528972864151,113
863,49,4380,35,8,3,0.20703125,1.5591862201690674,-1.3521549701690674,1.3521549701690674,31
864,11,1370,25,6,1,-2.5,-1.1495442390441895,-1.3504557609558105,1.3504557609558105,38
865,86,8214,22,5,2,1.8671875,3.2168402671813965,-1.3496527671813965,1.3496527671813965,100
866,35,3286,58,14,2,0.7421875,-0.6067126989364624,1.3489001989364624,1.3489001989364624,113
867,52,5051,61,15,1,-1.8671875,-0.5194897651672363,-1.3476977348327637,1.3476977348327637,83
868,44,3895,19,4,3,0.8984375,2.2438507080078125,-1.3454132080078125,1.3454132080078125,124
869,57,5387,64,16,0,-1.5703125,-0.22578215599060059,-1.3445303440093994,1.3445303440093994,93
870,93,8837,47,11,3,0.2099609375,-1.1335363388061523,1.3434972763061523,1.3434972763061523,37
871,93,8837,45,11,1,-0.244140625,1.099058985710144,-1.343199610710144,1.343199610710144,37
872,79,7027,67,16,3,0.11669921875,-1.2262333631515503,1.3429325819015503,1.3429325819015503,89
873,88,8338,52,13,0,-0.0140380859375,-1.3561022281646729,1.3420641422271729,1.3420641422271729,121
874,93,8837,6,1,2,0.443359375,-0.8973314762115479,1.3406908512115479,1.3406908512115479,15
875,67,6359,53,13,1,0.79296875,2.1334192752838135,-1.3404505252838135,1.3404505252838135,105
876,66,6303,35,8,3,0.2197265625,1.5591862201690674,-1.3394596576690674,1.3394596576690674,31
877,40,3767,23,5,3,0.9453125,-0.3923456072807312,1.337658166885376,1.337658166885376,126
878,84,7920,19,4,3,0.90625,2.2438507080078125,-1.3376007080078125,1.3376007080078125,124
879,30,2841,17,4,1,1.9296875,0.5928698778152466,1.3368176221847534,1.3368176221847534,124
880,31,3109,21,5,1,-0.10595703125,1.2301476001739502,-1.3361046314239502,1.3361046314239502,126
881,50,4618,5,1,1,2.421875,1.0863683223724365,1.3355066776275635,1.3355066776275635,100
882,17,1871,25,6,1,-2.484375,-1.1495442390441895,-1.3348307609558105,1.3348307609558105,38
883,0,143,26,6,2,0.140625,1.4718811511993408,-1.3312561511993408,1.3312561511993408,101
884,90,8510,25,6,1,1.5390625,0.20990674197673798,1.3291558027267456,1.3291558027267456,124
885,78,6934,3,0,3,-0.0264892578125,1.3017035722732544,-1.3281928300857544,1.3281928300857544,86
886,37,3343,52,13,0,-0.0299072265625,-1.3561022281646729,1.3261950016021729,1.3261950016021729,121
887,60,5817,53,13,1,0.546875,-0.7773780226707458,1.3242530822753906,1.3242530822753906,115
888,89,8507,3,0,3,2.625,1.3017035722732544,1.3232964277267456,1.3232964277267456,86
889,88,8338,20,5,0,-0.69140625,0.631747305393219,-1.3231534957885742,1.3231534957885742,126
890,89,8507,26,6,2,0.1494140625,1.4718811511993408,-1.3224670886993408,1.3224670886993408,101
891,54,5259,21,5,1,-0.0810546875,-1.4029879570007324,1.3219332695007324,1.3219332695007324,58
892,56,5336,17,4,1,-0.7265625,0.5928698778152466,-1.3194323778152466,1.3194323778152466,124
893,6,587,17,4,1,-0.7265625,0.5928698778152466,-1.3194323778152466,1.3194323778152466,124
894,57,5387,32,8,0,0.125,1.4431437253952026,-1.3181437253952026,1.3181437253952026,31
895,65,6174,18,4,2,-1.0078125,0.30973848700523376,-1.3175510168075562,1.3175510168075562,124
896,17,1871,26,6,2,-0.54296875,0.7743489742279053,-1.3173177242279053,1.3173177242279053,38
897,15,1654,32,8,0,0.1259765625,1.4431437253952026,-1.3171671628952026,1.3171671628952026,31
898,80,7097,32,8,0,0.1259765625,1.4431437253952026,-1.3171671628952026,1.3171671628952026,31
899,3,181,6,1,2,1.3359375,0.01889505796134472,1.3170424699783325,1.3170424699783325,103
900,41,3777,6,1,2,1.3359375,0.01889505796134472,1.3170424699783325,1.3170424699783325,103
901,28,2550,18,4,2,0.1884765625,-1.127585768699646,1.316062331199646,1.316062331199646,49
902,56,5336,45,11,1,-0.216796875,1.099058985710144,-1.315855860710144,1.315855860710144,37
903,56,5336,24,6,0,2.71875,1.4034218788146973,1.3153281211853027,1.3153281211853027,124
904,75,6864,2,0,2,-1.4921875,-0.1774359792470932,-1.3147515058517456,1.3147515058517456,86
905,39,3698,23,5,3,0.921875,-0.3923456072807312,1.314220666885376,1.314220666885376,126
906,96,9171,25,6,1,-1.78125,-0.46729156374931335,-1.3139584064483643,1.3139584064483643,105
907,42,3819,33,8,1,-0.1318359375,1.1814171075820923,-1.3132530450820923,1.3132530450820923,78
908,86,8214,1,0,1,-0.7265625,0.5844319462776184,-1.3109943866729736,1.3109943866729736,86
909,85,8086,64,16,0,-0.255859375,1.054500937461853,-1.310360312461853,1.310360312461853,89
910,58,5453,20,5,0,-0.98046875,0.32900917530059814,-1.3094779253005981,1.3094779253005981,58
911,92,8820,32,8,0,-0.3671875,-1.6763474941253662,1.3091599941253662,1.3091599941253662,24
912,64,6113,25,6,1,-1.640625,-0.33161064982414246,-1.3090143203735352,1.3090143203735352,101
913,63,6106,47,11,3,0.173828125,-1.1335363388061523,1.3073644638061523,1.3073644638061523,37
914,10,1013,5,1,1,1.9296875,0.6225337386131287,1.3071537017822266,1.3071537017822266,15
915,31,3109,35,8,3,0.25390625,1.5591862201690674,-1.3052799701690674,1.3052799701690674,31
916,59,5756,26,6,2,0.16796875,1.4718811511993408,-1.3039124011993408,1.3039124011993408,101
917,87,8238,34,8,2,-1.9921875,-0.6893929243087769,-1.3027945756912231,1.3027945756912231,31
918,43,3841,35,8,3,0.2578125,1.5591862201690674,-1.3013737201690674,1.3013737201690674,31
919,72,6630,58,14,2,-0.6640625,0.6360219120979309,-1.3000843524932861,1.3000843524932861,51
920,58,5453,17,4,1,-0.70703125,0.5928698778152466,-1.2999011278152466,1.2999011278152466,124
921,91,8762,25,6,1,1.5078125,0.20990674197673798,1.2979058027267456,1.2979058027267456,124
922,3,181,34,8,2,-0.216796875,1.0790997743606567,-1.2958966493606567,1.2958966493606567,23
923,91,8762,18,4,2,-0.984375,0.30973848700523376,-1.2941135168075562,1.2941135168075562,124
924,92,8820,24,6,0,3.75,2.4571733474731445,1.2928266525268555,1.2928266525268555,101
925,29,2579,23,5,3,0.99609375,2.287625789642334,-1.291532039642334,1.291532039642334,82
926,35,3286,45,11,1,-0.1923828125,1.099058985710144,-1.291441798210144,1.291441798210144,37
927,55,5307,51,12,3,0.60546875,-0.6855456233024597,1.2910144329071045,1.2910144329071045,33
928,48,4344,19,4,3,0.953125,2.2438507080078125,-1.2907257080078125,1.2907257080078125,124
929,77,6929,23,5,3,3.578125,2.287625789642334,1.290499210357666,1.290499210357666,82
930,90,8510,21,5,1,-0.80078125,-2.090000867843628,1.289219617843628,1.289219617843628,61
931,58,5453,47,11,3,-3.34375,-2.0548171997070312,-1.2889328002929688,1.2889328002929688,119
932,61,5897,55,13,3,2.4375,1.148675560951233,1.288824439048767,1.288824439048767,115
933,44,3895,59,14,3,-0.12353515625,-1.4119653701782227,1.2884302139282227,1.2884302139282227,93
934,32,3113,10,2,2,-0.1884765625,-1.4759536981582642,1.2874771356582642,1.2874771356582642,92
935,88,8338,21,5,1,-0.0556640625,1.2301476001739502,-1.2858116626739502,1.2858116626739502,126
936,60,5817,63,15,3,0.0181884765625,-1.266541838645935,1.284730315208435,1.284730315208435,76
937,75,6864,20,5,0,0.267578125,1.5519205331802368,-1.2843424081802368,1.2843424081802368,82
938,78,6934,52,13,0,0.95703125,-0.32687920331954956,1.2839105129241943,1.2839105129241943,115
939,29,2579,19,4,3,0.9609375,2.2438507080078125,-1.2829132080078125,1.2829132080078125,124
940,62,6010,19,4,3,0.9609375,2.2438507080078125,-1.2829132080078125,1.2829132080078125,124
941,36,3341,22,5,2,0.06298828125,-1.219596266746521,1.282584547996521,1.282584547996521,82
942,10,1013,27,6,3,-0.2890625,-1.570608377456665,1.281545877456665,1.281545877456665,105
943,32,3113,47,11,3,-0.7734375,-2.0548171997070312,1.2813796997070312,1.2813796997070312,119
944,24,2388,35,8,3,0.279296875,1.5591862201690674,-1.2798893451690674,1.2798893451690674,31
945,51,4754,23,5,3,1.0078125,2.287625789642334,-1.279813289642334,1.279813289642334,82
946,64,6113,19,4,3,0.96484375,2.2438507080078125,-1.2790069580078125,1.2790069580078125,124
947,16,1721,20,5,0,-0.94921875,0.32900917530059814,-1.2782279253005981,1.2782279253005981,58
948,36,3341,1,0,1,-0.69140625,0.5844319462776184,-1.2758381366729736,1.2758381366729736,86
949,44,3895,2,0,2,-1.453125,-0.1774359792470932,-1.2756890058517456,1.2756890058517456,86
950,32,3113,5,1,1,0.63671875,-0.6382919549942017,1.2750107049942017,1.2750107049942017,58
951,77,6929,20,5,0,0.27734375,1.5519205331802368,-1.2745767831802368,1.2745767831802368,82
952,87,8238,55,13,3,4.90625,3.6320724487304688,1.2741775512695312,1.2741775512695312,51
953,93,8837,30,7,2,-1.84375,-0.5698355436325073,-1.2739144563674927,1.2739144563674927,16
954,76,6903,31,7,3,-0.048828125,-1.322642207145691,1.273814082145691,1.273814082145691,32
955,23,2282,33,8,1,-0.09228515625,1.1814171075820923,-1.2737022638320923,1.2737022638320923,78
956,52,5051,16,4,0,0.65625,1.92831552028656,-1.27206552028656,1.27206552028656,45
957,96,9171,27,6,3,-0.298828125,-1.570608377456665,1.271780252456665,1.271780252456665,105
958,27,2519,8,2,0,1.71875,2.9903931617736816,-1.2716431617736816,1.2716431617736816,64
959,49,4380,57,14,1,0.24609375,1.516834020614624,-1.270740270614624,1.270740270614624,113
960,51,4754,40,10,0,-0.0439453125,-1.3123888969421387,1.2684435844421387,1.2684435844421387,25
961,79,7027,26,6,2,0.2041015625,1.4718811511993408,-1.2677795886993408,1.2677795886993408,101
962,21,2048,31,7,3,0.375,1.6424974203109741,-1.2674974203109741,1.2674974203109741,9
963,17,1871,65,16,1,0.625,-0.6397370100021362,1.2647370100021362,1.2647370100021362,12
964,17,1871,54,13,2,1.828125,3.0921874046325684,-1.2640624046325684,1.2640624046325684,51
965,59,5756,57,14,1,-0.1572265625,-1.4203373193740845,1.2631107568740845,1.2631107568740845,95
966,41,3777,11,2,3,1.3046875,0.04173163324594498,1.262955904006958,1.262955904006958,34
967,26,2516,3,0,3,0.039306640625,1.3017035722732544,-1.2623969316482544,1.2623969316482544,86
968,93,8837,59,14,3,0.4140625,1.675608515739441,-1.261546015739441,1.261546015739441,113
969,15,1654,19,4,3,0.91015625,2.171118974685669,-1.260962724685669,1.260962724685669,49
970,74,6771,46,11,2,1.3984375,0.13775473833084106,1.2606828212738037,1.2606828212738037,37
971,10,1013,45,11,1,-0.1611328125,1.099058985710144,-1.260191798210144,1.260191798210144,37
972,80,7097,26,6,2,0.2119140625,1.4718811511993408,-1.2599670886993408,1.2599670886993408,101
973,92,8820,59,14,3,0.416015625,1.675608515739441,-1.259592890739441,1.259592890739441,113
974,82,7542,23,5,3,3.546875,2.287625789642334,1.259249210357666,1.259249210357666,82
975,47,4265,23,5,3,3.546875,2.287625789642334,1.259249210357666,1.259249210357666,82
976,40,3767,3,0,3,0.042724609375,1.3017035722732544,-1.2589789628982544,1.2589789628982544,86
977,16,1721,22,5,2,-2.28125,-3.5396430492401123,1.2583930492401123,1.2583930492401123,58
978,79,7027,25,6,1,0.92578125,-0.33161064982414246,1.2573919296264648,1.2573919296264648,101
979,95,9149,26,6,2,0.21484375,1.4718811511993408,-1.2570374011993408,1.2570374011993408,101
980,66,6303,17,4,1,-0.6640625,0.5928698778152466,-1.2569323778152466,1.2569323778152466,124
981,34,3217,10,2,2,-0.3359375,0.9198823571205139,-1.2558197975158691,1.2558197975158691,34
982,97,9378,19,4,3,0.98828125,2.2438507080078125,-1.2555694580078125,1.2555694580078125,124
983,94,8889,64,16,0,-0.2001953125,1.054500937461853,-1.254696249961853,1.254696249961853,89
984,43,3841,45,11,1,-0.232421875,-1.4870961904525757,1.2546743154525757,1.2546743154525757,119
985,97,9378,7,1,3,-1.1953125,0.05896390974521637,-1.2542763948440552,1.2542763948440552,100
986,58,5453,24,6,0,1.8828125,0.6287732124328613,1.2540392875671387,1.2540392875671387,13
987,51,4754,32,8,0,0.189453125,1.4431437253952026,-1.2536906003952026,1.2536906003952026,31
988,99,9841,34,8,2,-0.62890625,0.6244300007820129,-1.2533361911773682,1.2533361911773682,76
989,78,6934,20,5,0,0.298828125,1.5519205331802368,-1.2530924081802368,1.2530924081802368,82
990,21,2048,52,13,0,0.92578125,-0.32687920331954956,1.2526605129241943,1.2526605129241943,115
991,78,6934,46,11,2,1.171875,-0.07946745306253433,1.2513424158096313,1.2513424158096313,119
992,83,7599,20,5,0,0.30078125,1.5519205331802368,-1.2511392831802368,1.2511392831802368,82
993,37,3343,11,2,3,0.6640625,-0.5869315266609192,1.2509939670562744,1.2509939670562744,32
994,77,6929,35,8,3,0.30859375,1.5591862201690674,-1.2505924701690674,1.2505924701690674,31
995,29,2579,52,13,0,0.921875,-0.32687920331954956,1.2487542629241943,1.2487542629241943,115
996,92,8820,57,14,1,0.26953125,1.516834020614624,-1.247302770614624,1.247302770614624,113
997,81,7254,67,16,3,0.0191650390625,-1.2262333631515503,1.2453984022140503,1.2453984022140503,89
998,38,3689,10,2,2,-0.341796875,-1.5862730741500854,1.2444761991500854,1.2444761991500854,115
999,20,2026,2,0,2,-1.421875,-0.1774359792470932,-1.2444390058517456,1.2444390058517456,86
1000,41,3777,65,16,1,0.765625,-0.47795727849006653,1.2435822486877441,1.2435822486877441,93
